INSERT INTO municipio (idmunicipio, nombre, departamento_iddepartamento) VALUES
(1, 'Abejorral', 5),
(2, 'Abrego', 54),
(3, 'Abriaqui', 5),
(4, 'Acac&iacute;as', 50),
(5, 'Acand&iacute;', 27),
(6, 'Acevedo', 41),
(7, 'Achi', 13),
(8, 'Agrado', 41),
(9, 'Agua de Dios', 25),
(10, 'Aguachica', 20),
(11, 'Aguada', 68),
(12, 'Aguadas', 17),
(13, 'Aguazul', 85),
(14, 'Agust&iacute;n Codazzi', 20),
(15, 'Aipe', 41),
(16, 'Alb&aacute;n', 25),
(17, 'Alb&aacute;n', 52),
(18, 'Albania', 18),
(19, 'Albania', 68),
(20, 'Alcal&aacute;', 76),
(21, 'Aldana', 52),
(22, 'Alejandria', 5),
(23, 'Algeciras', 41),
(24, 'Almaguer', 19),
(25, 'Almeida', 15),
(26, 'Alpujarra', 73),
(27, 'Altamira', 41),
(28, 'Alto baudo', 27),
(29, 'Altos del rosario', 13),
(30, 'Alvarado', 73),
(31, 'Amaga', 5),
(32, 'Amalfi', 5),
(33, 'Ambalema', 73),
(34, 'Anapoima', 25),
(35, 'Ancuya', 52),
(36, 'Andaluc&iacute;a', 76),
(37, 'Andes', 5),
(38, 'Angel&oacute;polis', 5),
(39, 'Angostura', 5),
(40, 'Anolaima', 25),
(41, 'Anori', 5),
(42, 'Anserma', 17),
(43, 'Ansermanuevo', 76),
(44, 'Antioquia', 5),
(45, 'Anza', 5),
(46, 'Anzo&aacute;tegui', 73),
(47, 'Apartado', 5),
(48, 'Ap&iacute;a', 66),
(49, 'Apulo', 25),
(50, 'Aquitania', 15),
(51, 'Aracataca', 47),
(52, 'Aranzazu', 17),
(53, 'Aratoca', 68),
(54, 'Arauca', 81),
(55, 'Arauquita', 81),
(56, 'Arbel&aacute;ez', 25),
(57, 'Arboleda', 52),
(58, 'Arboledas', 54),
(59, 'Arboletes', 5),
(60, 'Arcabuco', 15),
(61, 'Arenal', 13),
(62, 'Argelia', 76),
(63, 'Argelia', 5),
(64, 'Argelia', 19),
(65, 'Ariguani', 47),
(66, 'Arjona', 13),
(67, 'Armenia', 5),
(68, 'Armenia', 63),
(69, 'Armero', 73),
(70, 'Astrea', 20),
(71, 'Ataco', 73),
(72, 'Ayapel', 23),
(73, 'Bagado', 27),
(74, 'Bah&iacute;a Solano', 27),
(75, 'Bajo Baud&oacute;', 27),
(76, 'Balboa', 66),
(77, 'Balboa', 19),
(78, 'Baranoa', 8),
(79, 'Baraya', 41),
(80, 'Barbacoas', 52),
(81, 'Barbosa', 5),
(82, 'Barbosa', 68),
(83, 'Barichara', 68),
(84, 'Barranca de Up&iacute;a', 50),
(85, 'Barrancabermeja', 68),
(86, 'Barrancas', 44),
(87, 'Barranco de Loba', 13),
(88, 'Barranquilla', 8),
(89, 'Becerril', 20),
(90, 'Belalc&aacute;zar', 17),
(91, 'Bel&eacute;n', 52),
(92, 'Bel&eacute;n', 15),
(93, 'Bel&eacute;n de los Andaqu&iacute;es', 18),
(94, 'Bel&eacute;n de Umbr&iacute;a', 66),
(95, 'Bello', 5),
(96, 'Belmira', 5),
(97, 'Beltr&aacute;n', 25),
(98, 'Berbeo', 15),
(99, 'Betania', 5),
(100, 'Beteitiva', 15),
(101, 'Betulia', 68),
(102, 'Betulia', 5),
(103, 'Bituima', 25),
(104, 'Boavita', 15),
(105, 'Bochalema', 54),
(106, 'Bojaca', 25),
(107, 'Bojay&aacute;', 27),
(108, 'Bol&iacute;var', 76),
(109, 'Bol&iacute;var', 19),
(110, 'Bol&iacute;var', 68),
(111, 'Bol&iacute;var', 5),
(112, 'Bosconia', 20),
(113, 'Boyac&aacute;', 15),
(114, 'Briceno', 5),
(115, 'Briceno', 15),
(116, 'Bucaramanga', 68),
(117, 'Bucarasica', 54),
(118, 'Buenaventura', 76),
(119, 'Buenavista', 63),
(120, 'Buenavista', 15),
(121, 'Buenavista', 70),
(122, 'Buenavista', 23),
(123, 'Buenos Aires', 19),
(124, 'Buesaco', 52),
(125, 'Buga', 76),
(126, 'Bugalagrande', 76),
(127, 'Buritic&aacute;', 5),
(128, 'Busbanza', 15),
(129, 'Cabrera', 25),
(130, 'Cabrera', 68),
(131, 'Cabuyaro', 50),
(132, 'Cacahual', 94),
(133, 'Caceres', 5),
(134, 'Cachipay', 25),
(135, 'Cachira', 54),
(136, 'Cacota', 54),
(137, 'Caicedo', 5),
(138, 'Caicedonia', 76),
(139, 'Caimito', 70),
(140, 'Cajamarca', 73),
(141, 'Cajib&iacute;o', 19),
(142, 'Cajic&aacute;', 25),
(143, 'Calamar', 13),
(144, 'Calamar', 95),
(145, 'Calarc&aacute;', 63),
(146, 'Caldas', 5),
(147, 'Caldas', 15),
(148, 'Caldono', 19),
(149, 'Cali', 76),
(150, 'California', 68),
(151, 'Calima', 76),
(152, 'Caloto', 19),
(153, 'Campamento', 5),
(154, 'Campo de la cruz', 8),
(155, 'Campoalegre', 41),
(156, 'Campohermoso', 15),
(157, 'Canalete', 23),
(158, 'Canasgordas', 5),
(159, 'Candelaria', 76),
(160, 'Candelaria', 8),
(161, 'Cantagallo', 13),
(162, 'Cant&oacute;n del San Pablo', 27),
(163, 'Caparrap&iacute;', 25),
(164, 'Capitanejo', 68),
(165, 'C&aacute;queza', 25),
(166, 'Caracol&iacute;', 5),
(167, 'Caramanta', 5),
(168, 'Carcasi', 68),
(169, 'Carepa', 5),
(170, 'Carmen de Apical&aacute;', 73),
(171, 'Carmen de Carupa', 25),
(172, 'Carmen de Viboral', 5),
(173, 'Carolina', 5),
(174, 'Cartagena', 13),
(175, 'Cartagena del Chair&aacute;', 18),
(176, 'Cartago', 76),
(177, 'Caruru', 97),
(178, 'Casabianca', 73),
(179, 'Castilla la Nueva', 50),
(180, 'Caucasia', 5),
(181, 'Cepita', 68),
(182, 'Ceret&eacute;', 23),
(183, 'Cerinza', 15),
(184, 'Cerrito', 68),
(185, 'Cerro de San Antonio', 47),
(186, 'Chachagui', 52),
(187, 'Chaguani', 25),
(188, 'Chal&aacute;n', 70),
(189, 'Chameza', 85),
(190, 'Chaparral', 73),
(191, 'Charal&aacute;', 68),
(192, 'Charta', 68),
(193, 'Ch&iacute;a', 25),
(194, 'Chigorod&oacute;', 5),
(195, 'Chima', 68),
(196, 'Chima', 23),
(197, 'Chimichagua', 20),
(198, 'Chin&aacute;cota', 54),
(199, 'Chinavita', 15),
(200, 'Chinchin&aacute;', 17),
(201, 'Chin&uacute;', 23),
(202, 'Chipaque', 25),
(203, 'Chipata', 68),
(204, 'Chiquinquir&aacute;', 15),
(205, 'Chiquiza', 15),
(206, 'Chiriguana', 20),
(207, 'Chiscas', 15),
(208, 'Chita', 15),
(209, 'Chitaga', 54),
(210, 'Chitaraque', 15),
(211, 'Chivata', 15),
(212, 'Chivolo', 47),
(213, 'Chivor', 15),
(214, 'Choach&iacute;', 25),
(215, 'Choconta', 25),
(216, 'Cicuco', 13),
(217, 'Ci&eacute;naga', 47),
(218, 'Ci&eacute;naga de Oro', 23),
(219, 'Ci&eacute;nega', 15),
(220, 'Cimitarra', 68),
(221, 'Circasia', 63),
(222, 'Cisneros', 5),
(223, 'Clemencia', 13),
(224, 'Cocorna', 5),
(225, 'Coello', 73),
(226, 'Cogua', 25),
(227, 'Colombia', 41),
(228, 'Col&oacute;n', 86),
(229, 'Col&oacute;n', 52),
(230, 'Coloso', 70),
(231, 'C&oacute;mbita', 15),
(232, 'Concepci&oacute;n', 68),
(233, 'Concepci&oacute;n', 5),
(234, 'Concordia', 5),
(235, 'Condoto', 27),
(236, 'Confines', 68),
(237, 'Consaca', 52),
(238, 'Contadero', 52),
(239, 'Contrataci&oacute;n', 68),
(240, 'Convenci&oacute;n', 54),
(241, 'Copacabana', 5),
(242, 'Coper', 15),
(243, 'C&oacute;rdoba', 63),
(244, 'C&oacute;rdoba', 52),
(245, 'C&oacute;rdoba', 13),
(246, 'Corinto', 19),
(247, 'Coromoro', 68),
(248, 'Corozal', 70),
(249, 'Corrales', 15),
(250, 'Cota', 25),
(251, 'Covarach&iacute;a', 15),
(252, 'Coyaima', 73),
(253, 'Cravo Norte', 81),
(254, 'Cuaspud', 52),
(255, 'Cubara', 15),
(256, 'Cubarral', 50),
(257, 'Cucaita', 15),
(258, 'Cucunuba', 25),
(259, 'C&uacute;cuta', 54),
(260, 'Cucutilla', 54),
(261, 'Cuitiva', 15),
(262, 'Cumaral', 50),
(263, 'Cumaribo', 99),
(264, 'Cumbal', 52),
(265, 'Cumbitara', 52),
(266, 'Cunday', 73),
(267, 'Curillo', 18),
(268, 'Curiti', 68),
(269, 'Curuman&iacute;', 20),
(270, 'Dabeiba', 5),
(271, 'Dagua', 76),
(272, 'Dibulla', 44),
(273, 'Distracci&oacute;n', 44),
(274, 'Dolores', 73),
(275, 'Don Mat&iacute;as', 5),
(276, 'Dosquebradas', 66),
(277, 'Duitama', 15),
(278, 'Durania', 54),
(279, 'Ebejico', 5),
(280, 'El &aacute;guila', 76),
(281, 'El Bagre', 5),
(282, 'El Banco', 47),
(283, 'El Cairo', 76),
(284, 'El Calvario', 50),
(285, 'El Carmen', 27),
(286, 'El Carmen', 68),
(287, 'El Carmen', 54),
(288, 'El Carmen de Bol&iacute;var', 13),
(289, 'El Castillo', 50),
(290, 'El Cerrito', 76),
(291, 'El Charco', 52),
(292, 'El Cocuy', 15),
(293, 'El Colegio', 25),
(294, 'El Copey', 20),
(295, 'El Doncello', 18),
(296, 'El Dorado', 50),
(297, 'El Dovio', 76),
(298, 'El Encanto', 91),
(299, 'El Espino', 15),
(300, 'El Guacamayo', 68),
(301, 'El Guamo', 13),
(302, 'El Litoral del San Juan', 27),
(303, 'El Litoral del San Juan', 27),
(304, 'El Molino', 44),
(305, 'El Paso', 20),
(306, 'El Paujil', 18),
(307, 'El Pen&oacute;n', 68),
(308, 'El Pen&oacute;n', 13),
(309, 'El Pen&oacute;n', 25),
(310, 'El Pinon', 47),
(311, 'El Play&oacute;n', 68),
(312, 'El Ret&eacute;n', 47),
(313, 'El Retorno', 95),
(314, 'El Rosario', 52),
(315, 'El Tabl&oacute;n', 52),
(316, 'El Tambo', 19),
(317, 'El Tambo', 52),
(318, 'El Tarra', 54),
(319, 'El Zulia', 54),
(320, 'El&iacute;as', 41),
(321, 'Encino', 68),
(322, 'Enciso', 68),
(323, 'Entrerr&iacute;os', 5),
(324, 'Envigado', 5),
(325, 'Espinal', 73),
(326, 'Facatativ&aacute;', 25),
(327, 'Fal&aacute;n', 73),
(328, 'Filadelfia', 17),
(329, 'Filandia', 63),
(330, 'Firavitoba', 15),
(331, 'Flandes', 73),
(332, 'Florencia', 19),
(333, 'Florencia', 18),
(334, 'Floresta', 15),
(335, 'Flori&aacute;n', 68),
(336, 'Florida', 76),
(337, 'Floridablanca', 68),
(338, 'F&oacute;meque', 25),
(339, 'Fonseca', 44),
(340, 'Fortul', 81),
(341, 'Fosca', 25),
(342, 'Francisco Pizarro', 52),
(343, 'Fredonia', 5),
(344, 'Fresno', 73),
(345, 'Frontino', 5),
(346, 'Fuente de Oro', 50),
(347, 'Fundaci&oacute;n', 47),
(348, 'Funes', 52),
(349, 'Funza', 25),
(350, 'Fuquene', 25),
(351, 'Fusagasug&aacute;', 25),
(352, 'Gachal&aacute;', 25),
(353, 'Gachancip&aacute;', 25),
(354, 'Gachantiva', 15),
(355, 'Gachet&aacute;', 25),
(356, 'Gal&aacute;n', 68),
(357, 'Galapa', 8),
(358, 'Galeras', 70),
(359, 'Gama', 25),
(360, 'Gamarra', 20),
(361, 'Gambita', 68),
(362, 'Gameza', 15),
(363, 'Garagoa', 15),
(364, 'Garz&oacute;n', 41),
(365, 'G&eacute;nova', 63),
(366, 'Gigante', 41),
(367, 'Ginebra', 76),
(368, 'Giraldo', 5),
(369, 'Girardot', 25),
(370, 'Girardota', 5),
(371, 'Gir&oacute;n', 68),
(372, 'G&oacute;mez Plata', 5),
(373, 'Gonz&aacute;lez', 20),
(374, 'Gramalote', 54),
(375, 'Granada', 5),
(376, 'Granada', 25),
(377, 'Granada', 50),
(378, 'Guaca', 68),
(379, 'Guacamayas', 15),
(380, 'Guacar&iacute;', 76),
(381, 'Guacheta', 25),
(382, 'Guachucal', 52),
(383, 'Guadalupe', 68),
(384, 'Guadalupe', 5),
(385, 'Guadalupe', 41),
(386, 'Guaduas', 25),
(387, 'Guaitarilla', 52),
(388, 'Gualmat&aacute;n', 52),
(389, 'Guamal', 47),
(390, 'Guamal', 50),
(391, 'Guamo', 73),
(392, 'Guapi', 19),
(393, 'Guapota', 68),
(394, 'Guaranda', 70),
(395, 'Guarne', 5),
(396, 'Guasca', 25),
(397, 'Guatape', 5),
(398, 'Guataqu&iacute;', 25),
(399, 'Guatavita', 25),
(400, 'Guateque', 15),
(401, 'Gu&aacute;tica', 66),
(402, 'Guavata', 68),
(403, 'Guaviare', 94),
(404, 'Guayabal de Siquima', 25),
(405, 'Guayabetal', 25),
(406, 'Guayata', 15),
(407, 'Guepsa', 68),
(408, 'Guican', 15),
(409, 'Guti&eacute;rrez', 25),
(410, 'Hacari', 54),
(411, 'Hatillo de Loba', 13),
(412, 'Hato', 68),
(413, 'Hato Corozal', 85),
(414, 'Hatonuevo', 44),
(415, 'Heliconia', 5),
(416, 'Herr&aacute;n', 54),
(417, 'Herveo', 73),
(418, 'Hispania', 5),
(419, 'Hobo', 41),
(420, 'Honda', 73),
(421, 'Ibagu&eacute;', 73),
(422, 'Icononzo', 73),
(423, 'Iles', 52),
(424, 'Imues', 52),
(425, 'In&iacute;rida', 94),
(426, 'Inza', 19),
(427, 'Ipiales', 52),
(428, 'Iquira', 41),
(429, 'Isnos', 41),
(430, 'Itag&uuml;&iacute;', 5),
(431, 'Itsmina', 27),
(432, 'Ituango', 5),
(433, 'Iza', 15),
(434, 'Jambal&oacute;', 19),
(435, 'Jamund&iacute;', 76),
(436, 'Jard&iacute;n', 5),
(437, 'Jenesano', 15),
(438, 'Jeric&oacute;', 15),
(439, 'Jeric&oacute;', 5),
(440, 'Jerusal&eacute;n', 25),
(441, 'Jesus Mar&iacute;a', 68),
(442, 'Jord&aacute;n', 68),
(443, 'Juan de Acosta', 8),
(444, 'Jun&iacute;n', 25),
(445, 'Jurado', 27),
(446, 'La Argentina', 41),
(447, 'La Belleza', 68),
(448, 'La Calera', 25),
(449, 'La Capilla', 15),
(450, 'La Ceja', 5),
(451, 'La Celia', 66),
(452, 'La Chorrera', 91),
(453, 'La Cruz', 52),
(454, 'La Cumbre', 76),
(455, 'La Dorada', 17),
(456, 'La Esperanza', 54),
(457, 'La Estrella', 5),
(458, 'La Florida', 52),
(459, 'La Gloria', 20),
(460, 'La Guadalupe', 94),
(461, 'La Jagua de Ibirico', 20),
(462, 'La Llanada', 52),
(463, 'La Macarena', 50),
(464, 'La Merced', 17),
(465, 'La Mesa', 25),
(466, 'La Montanita', 18),
(467, 'La Palma', 25),
(468, 'La Paz', 20),
(469, 'La Paz', 68),
(470, 'La Pedrera', 91),
(471, 'La Pena', 25),
(472, 'La Pintada', 5),
(473, 'La Plata', 41),
(474, 'La Playa', 54),
(475, 'La Primavera', 99),
(476, 'La Salina', 85),
(477, 'La Sierra', 19),
(478, 'La Tebaida', 63),
(479, 'La Tola', 52),
(480, 'La uni&oacute;n', 70),
(481, 'La uni&oacute;n', 52),
(482, 'La uni&oacute;n', 5),
(483, 'La uni&oacute;n', 76),
(484, 'La Uribe', 50),
(485, 'La Uvita', 15),
(486, 'La Vega', 19),
(487, 'La Vega', 25),
(488, 'La Victoria', 76),
(489, 'La Victoria', 15),
(490, 'La Virginia', 66),
(491, 'Labateca', 54),
(492, 'Labranzagrande', 15),
(493, 'Land&aacute;zuri', 68),
(494, 'Lebrija', 68),
(495, 'Leiva', 52),
(496, 'Lejan&iacute;as', 50),
(497, 'Lenguazaque', 25),
(498, 'L&eacute;rida', 73),
(499, 'Leticia', 91),
(500, 'L&iacute;bano', 73),
(501, 'Liborina', 5),
(502, 'Linares', 52),
(503, 'Lloro', 27),
(504, 'L&oacute;pez', 19),
(505, 'Lorica', 23),
(506, 'Los Andes', 52),
(507, 'Los C&oacute;rdobas', 23),
(508, 'Los Palmitos', 70),
(509, 'Los Patios', 54),
(510, 'Los Santos', 68),
(511, 'Lourdes', 54),
(512, 'Luruaco', 8),
(513, 'Macanal', 15),
(514, 'Macaravita', 68),
(515, 'Maceo', 5),
(516, 'Macheta', 25),
(517, 'Madrid', 25),
(518, 'Magangu&eacute;', 13),
(519, 'Magui', 52),
(520, 'Mahates', 13),
(521, 'Maicao', 44),
(522, 'Majagual', 70),
(523, 'Malaga', 68),
(524, 'Malamb&oacute;', 8),
(525, 'Mallama', 52),
(526, 'Manati', 8),
(527, 'Manaure', 44),
(528, 'Manaure Balc&oacute;n del Cesar', 20),
(529, 'Man&iacute;', 85),
(530, 'Manizales', 17),
(531, 'Manta', 25),
(532, 'Manzanares', 17),
(533, 'Mapirip&aacute;n', 50),
(534, 'Margarita', 13),
(535, 'Mar&iacute;a la Baja', 13),
(536, 'Marinilla', 5),
(537, 'Maripi', 15),
(538, 'Mariquita', 73),
(539, 'Marmato', 17),
(540, 'Marquetalia', 17),
(541, 'Marsella', 66),
(542, 'Marulanda', 17),
(543, 'Matanza', 68),
(544, 'Medell&iacute;n', 5),
(545, 'Medina', 25),
(546, 'Melgar', 73),
(547, 'Mercaderes', 19),
(548, 'Mesetas', 50),
(549, 'Mil&aacute;n', 18),
(550, 'Miraflores', 95),
(551, 'Miraflores', 15),
(552, 'Miranda', 19),
(553, 'Miriti-parana', 91),
(554, 'Mistrato', 66),
(555, 'Mit&uacute;', 97),
(556, 'Mocoa', 86),
(557, 'Mogotes', 68),
(558, 'Molagavita', 68),
(559, 'Momil', 23),
(560, 'Momp&oacute;s', 13),
(561, 'Mongua', 15),
(562, 'Mongui', 15),
(563, 'Moniquir&aacute;', 15),
(564, 'Monitos', 23),
(565, 'Montebello', 5),
(566, 'Montecristo', 13),
(567, 'Montel&iacute;bano', 23),
(568, 'Montenegro', 63),
(569, 'Monter&iacute;a', 23),
(570, 'Monterrey', 85),
(571, 'Morales', 13),
(572, 'Morales', 19),
(573, 'Morelia', 18),
(574, 'Morichal Nuevo', 94),
(575, 'Morroa', 70),
(576, 'Mosquera', 52),
(577, 'Mosquera', 25),
(578, 'Motavita', 15),
(579, 'Murillo', 73),
(580, 'Murind&oacute;', 5),
(581, 'Mutata', 5),
(582, 'Mutiscua', 54),
(583, 'Muzo', 15),
(584, 'Narino', 25),
(585, 'Narino', 5),
(586, 'Nataga', 41),
(587, 'Natagaima', 73),
(588, 'Nechi', 5),
(589, 'Necocli', 5),
(590, 'Neira', 17),
(591, 'Neiva', 41),
(592, 'Nemoc&oacute;n', 25),
(593, 'Nilo', 25),
(594, 'Nimaima', 25),
(595, 'Nobsa', 15),
(596, 'Nocaima', 25),
(597, 'Novita', 27),
(598, 'Nuevo Col&oacute;n', 15),
(599, 'Nunchia', 85),
(600, 'Nuqu&iacute;', 27),
(601, 'Obando', 76),
(602, 'Ocamonte', 68),
(603, 'Ocana', 54),
(604, 'Oiba', 68),
(605, 'Oicata', 15),
(606, 'Olaya', 5),
(607, 'Olaya Herrera', 52),
(608, 'Onzaga', 68),
(609, 'Oporapa', 41),
(610, 'Orito', 86),
(611, 'Orocu&eacute;', 85),
(612, 'Ortega', 73),
(613, 'Ospina', 52),
(614, 'Otanche', 15),
(615, 'Ovejas', 70),
(616, 'Pachavita', 15),
(617, 'Pacho', 25),
(618, 'Pacoa', 97),
(619, 'P&aacute;cora', 17),
(620, 'Padilla', 19),
(621, 'P&aacute;ez', 19),
(622, 'Paez', 15),
(623, 'Paicol', 41),
(624, 'Pailitas', 20),
(625, 'Paime', 25),
(626, 'Paipa', 15),
(627, 'Pajarito', 15),
(628, 'Palermo', 41),
(629, 'Palestina', 17),
(630, 'Palestina', 41),
(631, 'Palmar', 68),
(632, 'Palmar de Varela', 8),
(633, 'Palmar de Varela', 8),
(634, 'Palmas del Socorro', 68),
(635, 'Palmira', 76),
(636, 'Palmito', 70),
(637, 'Palocabildo', 73),
(638, 'Pamplona', 54),
(639, 'Pamplonita', 54),
(640, 'Pana Pana', 94),
(641, 'Pandi', 25),
(642, 'Panqueba', 15),
(643, 'Papunaua', 97),
(644, 'Paramo', 68),
(645, 'Paratebueno', 25),
(646, 'Pasca', 25),
(647, 'Pasto', 52),
(648, 'Patia (El Bordo)', 19),
(649, 'Pauna', 15),
(650, 'Paya', 15),
(651, 'Paz de Ariporo', 85),
(652, 'Paz de R&iacute;o', 15),
(653, 'Pedraza', 47),
(654, 'Pelaya', 20),
(655, 'Penol', 5),
(656, 'Pensilvania', 17),
(657, 'Peque', 5),
(658, 'Pereira', 66),
(659, 'Pesca', 15),
(660, 'Piamonte', 19),
(661, 'Piedecuesta', 68),
(662, 'Piedras', 73),
(663, 'Piendam&oacute;', 19),
(664, 'Pijao', 63),
(665, 'Pijino del Carmen', 47),
(666, 'Pinchote', 68),
(667, 'Pinillos', 13),
(668, 'Piojo', 8),
(669, 'Pisva', 15),
(670, 'Pital', 41),
(671, 'Pitalito', 41),
(672, 'Pivijay', 47),
(673, 'Planadas', 73),
(674, 'Planeta rica', 23),
(675, 'Plato', 47),
(676, 'Policarpa', 52),
(677, 'Polonuevo', 8),
(678, 'Ponedera', 8),
(679, 'Popay&aacute;n', 19),
(680, 'Pore', 85),
(681, 'Potos&iacute;', 52),
(682, 'Pradera', 76),
(683, 'Prado', 73),
(684, 'Providencia', 52),
(685, 'Providencia', 88),
(686, 'Pto nare (Lamagdalena)', 5),
(687, 'Pueblo nuevo', 23),
(688, 'Pueblo rico', 66),
(689, 'Pueblorrico', 5),
(690, 'Puebloviejo', 47),
(691, 'Puente Nacional', 68),
(692, 'Puerres', 52),
(693, 'Puerto As&iacute;s', 86),
(694, 'Puerto Berr&iacute;o', 5),
(695, 'Puerto Boyac&aacute;', 15),
(696, 'Puerto Caicedo', 86),
(697, 'Puerto Carreno', 99),
(698, 'Puerto Colombia', 94),
(699, 'Puerto Colombia', 8),
(700, 'Puerto concordia', 50),
(701, 'Puerto escondido', 23),
(702, 'Puerto Gait&aacute;n', 50),
(703, 'Puerto Guzm&aacute;n', 86),
(704, 'Puerto Legu&iacute;zamo', 86),
(705, 'Puerto Libertador', 23),
(706, 'Puerto Lleras', 50),
(707, 'Puerto L&oacute;pez', 50),
(708, 'Puerto Narino', 91),
(709, 'Puerto Parra', 68),
(710, 'Puerto Rico', 50),
(711, 'Puerto Rico', 18),
(712, 'Puerto Rond&oacute;n', 81),
(713, 'Puerto Salgar', 25),
(714, 'Puerto Santander', 54),
(715, 'Puerto Santander', 91),
(716, 'Puerto Tejada', 19),
(717, 'Puerto Triunfo', 5),
(718, 'Puerto Wilches', 68),
(719, 'Puli', 25),
(720, 'Pupiales', 52),
(721, 'Purac&eacute;', 19),
(722, 'Purificaci&oacute;n', 73),
(723, 'Purisima', 23),
(724, 'Quebradanegra', 25),
(725, 'Quetame', 25),
(726, 'Quibd&oacute;', 27),
(727, 'Quimbaya', 63),
(728, 'Quinch&iacute;a', 66),
(729, 'Quipama', 15),
(730, 'Quipile', 25),
(731, 'Ragonvalia', 54),
(732, 'Ramiriqu&iacute;', 15),
(733, 'R&aacute;quira', 15),
(734, 'Recetor', 85),
(735, 'Regidor', 13),
(736, 'Remedios', 5),
(737, 'Remolino', 47),
(738, 'Repel&oacute;n', 8),
(739, 'Restrepo', 76),
(740, 'Restrepo', 50),
(741, 'Retiro', 5),
(742, 'Ricaurte', 25),
(743, 'Ricaurte', 52),
(744, 'R&iacute;o de Oro', 20),
(745, 'R&iacute;o Viejo', 13),
(746, 'Rioblanco', 73),
(747, 'Riofr&iacute;o', 76),
(748, 'Riohacha', 44),
(749, 'Rionegro', 68),
(750, 'Rionegro', 5),
(751, 'Riosucio', 17),
(752, 'Riosucio', 27),
(753, 'Risaralda', 17),
(754, 'Rivera', 41),
(755, 'Roberto Pay&aacute;n', 52),
(756, 'Roldanillo', 76),
(757, 'Roncesvalles', 73),
(758, 'Rond&oacute;n', 15),
(759, 'Rosas', 19),
(760, 'Rovira', 73),
(761, 'S.Antonio de Tequendama', 25),
(762, 'Sabana de Torres', 68),
(763, 'Sabanagrande', 8),
(764, 'Sabanalarga', 8),
(765, 'Sabanalarga', 85),
(766, 'Sabanalarga', 5),
(767, 'Sabaneta', 5),
(768, 'Saboya', 15),
(769, 'Sacama', 85),
(770, 'S&aacute;chica', 15),
(771, 'Sahag&uacute;n', 23),
(772, 'Saladoblanco', 41),
(773, 'Salamina', 47),
(774, 'Salamina', 17),
(775, 'Salazar', 54),
(776, 'Saldana', 73),
(777, 'Salento', 63),
(778, 'Salgar', 5),
(779, 'Samaca', 15),
(780, 'Samana', 17),
(781, 'Samaniego', 52),
(782, 'Sampu&eacute;s', 70),
(783, 'San Agust&iacute;n', 41),
(784, 'San Alberto', 20),
(785, 'San Andr&eacute;s', 68),
(786, 'San Andr&eacute;s', 5),
(787, 'San Andr&eacute;s', 88),
(788, 'San Andr&eacute;s de Sitavento', 23),
(789, 'San Andr&eacute;s de Sotavento', 23),
(790, 'San Antero', 23),
(791, 'San Antonio', 73),
(792, 'San Benito', 68),
(793, 'San Benito Abad', 70),
(794, 'San Bernardo', 25),
(795, 'San Bernardo', 52),
(796, 'San Bernardo del Viento', 23),
(797, 'San Calixto', 54),
(798, 'San Carlos', 5),
(799, 'San Carlos', 23),
(800, 'San Carlos de Guaroa', 50),
(801, 'San Cayetano', 54),
(802, 'San Cayetano', 25),
(803, 'San Cristobal', 13),
(804, 'San Diego', 20),
(805, 'San Eduardo', 15),
(806, 'San Estanislao', 13),
(807, 'San Felipe', 94),
(808, 'San Fernando', 13),
(809, 'San Francisco', 86),
(810, 'San Francisco', 5),
(811, 'San Francisco', 25),
(812, 'San Gil', 68),
(813, 'San Jacinto', 13),
(814, 'San Jer&oacute;nimo', 5),
(815, 'San Joaqu&iacute;n', 68),
(816, 'San Jos&eacute; de fragua', 18),
(817, 'San Jos&eacute; de la montana', 5),
(818, 'San Jos&eacute; de Miranda', 68),
(819, 'San Jos&eacute; de Ocune', 99),
(820, 'San Jos&eacute; de Pare', 15),
(821, 'San Jos&eacute; del Guaviare', 95),
(822, 'San Jos&eacute; del Palmar', 27),
(823, 'San Juan de Arama', 50),
(824, 'San Juan de Betulia', 70),
(825, 'San Juan de R&iacute;o Seco', 25),
(826, 'San Juan de Uraba', 5),
(827, 'San Juan del Cesar', 44),
(828, 'San Juan Nepomuceno', 13),
(829, 'San Juanito', 50),
(830, 'San Lorenzo', 52),
(831, 'San Luis', 5),
(832, 'San Luis', 73),
(833, 'San Luis de Gaceno', 15),
(834, 'San Luis de Palenque', 85),
(835, 'San marcos', 70),
(836, 'San Mart&iacute;n', 20),
(837, 'San Mart&iacute;n', 50),
(838, 'San Mart&iacute;n de Loba', 13),
(839, 'San Mateo', 15),
(840, 'San Miguel', 86),
(841, 'San Miguel', 68),
(842, 'San Miguel de Sema', 15),
(843, 'San Onofre', 70),
(844, 'San Pablo', 52),
(845, 'San Pablo', 13),
(846, 'San Pablo de Borbur', 15),
(847, 'San Pedro', 76),
(848, 'San Pedro', 70),
(849, 'San Pedro', 5),
(850, 'San Pedro de Cartago', 52),
(851, 'San Pedro de Urab&aacute;', 5),
(852, 'San Pelayo', 23),
(853, 'San Rafael', 5),
(854, 'San Roque', 5),
(855, 'San Sebasti&aacute;n', 19),
(856, 'San Sebasti&aacute;n Buenavista', 47),
(857, 'San Vicente', 5),
(858, 'San Vicente de Chucuri', 68),
(859, 'San Vicente del Cagu&aacute;n', 18),
(860, 'San Zen&oacute;n', 47),
(861, 'Sandona', 52),
(862, 'Santa ana', 47),
(863, 'Santa B&aacute;rbara', 68),
(864, 'Santa B&aacute;rbara', 52),
(865, 'Santa B&aacute;rbara', 5),
(866, 'Santa Catalina', 13),
(867, 'Santa Helena del Opon', 68),
(868, 'Santa Isabel', 73),
(869, 'Santa Lucia', 8),
(870, 'Santa Mar&iacute;a', 41),
(871, 'Santa Mar&iacute;a', 15),
(872, 'Santa Marta', 47),
(873, 'Santa rita', 99),
(874, 'Santa Rosa', 19),
(875, 'Santa Rosa', 13),
(876, 'Santa Rosa de Cabal', 66),
(877, 'Santa Rosa de Osos', 5),
(878, 'Santa Rosa de Viterbo', 15),
(879, 'Santa Rosa del Sur', 13),
(880, 'Santa Rosalia', 99),
(881, 'Santa Sof&iacute;a', 15),
(882, 'Santacruz', 52),
(883, 'Bogot&aacute; D.C.', 11),
(884, 'Santana', 15),
(885, 'Santander de Quilichao', 19),
(886, 'Santiago', 54),
(887, 'Santiago', 86),
(888, 'Santo Domingo', 5),
(889, 'Santo Tom&aacute;s', 8),
(890, 'Santuario', 66),
(891, 'Santuario', 5),
(892, 'Sapuyes', 52),
(893, 'Saravena', 81),
(894, 'Sardinata', 54),
(895, 'Sasaima', 25),
(896, 'Sativanorte', 15),
(897, 'Sativasur', 15),
(898, 'Segovia', 5),
(899, 'Sesquile', 25),
(900, 'Sevilla', 76),
(901, 'Siachoque', 15),
(902, 'Sibat&eacute;', 25),
(903, 'Sibundoy', 86),
(904, 'Silos', 54),
(905, 'Silvania', 25),
(906, 'Silvia', 19),
(907, 'Simacota', 68),
(908, 'Simijaca', 25),
(909, 'Simit&iacute;', 13),
(910, 'Since', 70),
(911, 'Sincelejo', 70),
(912, 'Sipi', 27),
(913, 'Sitionuevo', 47),
(914, 'Soacha', 25),
(915, 'Soata', 15),
(916, 'Socha', 15),
(917, 'Socorro', 68),
(918, 'Socota', 15),
(919, 'Sogamoso', 15),
(920, 'Solano', 18),
(921, 'Soledad', 8),
(922, 'Solita', 18),
(923, 'Somondoco', 15),
(924, 'Sons&oacute;n', 5),
(925, 'Sopetran', 5),
(926, 'Soplaviento', 13),
(927, 'Sopo', 25),
(928, 'Sora', 15),
(929, 'Soraca', 15),
(930, 'Sotaquira', 15),
(931, 'Sotara', 19),
(932, 'Suaita', 68),
(933, 'Suan', 8),
(934, 'Suarez', 19),
(935, 'Suarez', 73),
(936, 'Suaza', 41),
(937, 'Subachoque', 25),
(938, 'Sucre', 70),
(939, 'Sucre', 68),
(940, 'Suesca', 25),
(941, 'Supata', 25),
(942, 'Supia', 17),
(943, 'Surata', 68),
(944, 'Susa', 25),
(945, 'Susac&oacute;n', 15),
(946, 'Sutamarch&aacute;n', 15),
(947, 'Sutatausa', 25),
(948, 'Sutatenza', 15),
(949, 'Tabio', 25),
(950, 'Tado', 27),
(951, 'Talaigua Nuevo', 13),
(952, 'Tamalameque', 20),
(953, 'Tamara', 85),
(954, 'Tame', 81),
(955, 'T&aacute;mesis', 5),
(956, 'Taminango', 52),
(957, 'Tangua', 52),
(958, 'Taraira', 97),
(959, 'Tarapac&aacute;', 91),
(960, 'Taraza', 5),
(961, 'Tarqui', 41),
(962, 'Tarso', 5),
(963, 'Tasco', 15),
(964, 'Tauramena', 85),
(965, 'Tausa', 25),
(966, 'Tello', 41),
(967, 'Tena', 25),
(968, 'Tenerife', 47),
(969, 'Tenjo', 25),
(970, 'Tenza', 15),
(971, 'Teorama', 54),
(972, 'Teruel', 41),
(973, 'Tesalia', 41),
(974, 'Tibacuy', 25),
(975, 'Tibana', 15),
(976, 'Tibasosa', 15),
(977, 'Tibirita', 25),
(978, 'Tib&uacute;', 54),
(979, 'Tierralta', 23),
(980, 'Timana', 41),
(981, 'Timb&iacute;o', 19),
(982, 'Timbiqu&iacute;', 19),
(983, 'Tinjaca', 15),
(984, 'Tipacoque', 15),
(985, 'Tiquisio', 13),
(986, 'Titiribi', 5),
(987, 'Toca', 15),
(988, 'Tocaima', 25),
(989, 'Tocancipa', 25),
(990, 'Togui', 15),
(991, 'Toledo', 5),
(992, 'Toledo', 54),
(993, 'Tol&uacute;', 70),
(994, 'Toluviejo', 70),
(995, 'Tona', 68),
(996, 'Topaga', 15),
(997, 'Topaipi', 25),
(998, 'Torib&iacute;o', 19),
(999, 'Toro', 76),
(1000, 'Tota', 15),
(1001, 'Totoro', 19),
(1002, 'Trinidad', 85),
(1003, 'Trujillo', 76),
(1004, 'Tubara', 8),
(1005, 'Tulu&aacute;', 76),
(1006, 'Tumaco', 52),
(1007, 'Tunja', 15),
(1008, 'Tunungua', 15),
(1009, 'T&uacute;querres', 52),
(1010, 'Turbaco', 13),
(1011, 'Turbana', 13),
(1012, 'Turbo', 5),
(1013, 'Turmeque', 15),
(1014, 'Tuta', 15),
(1015, 'Tutasa', 15),
(1016, 'Ubala', 25),
(1017, 'Ubaque', 25),
(1018, 'Ubat&eacute;', 25),
(1019, 'Ulloa', 76),
(1020, 'Umbita', 15),
(1021, 'Une', 25),
(1022, 'Ungu&iacute;a', 27),
(1023, 'Uramita', 5),
(1024, 'Uribia', 44),
(1025, 'Urrao', 5),
(1026, 'Urumita', 44),
(1027, 'Usiacuri', 8),
(1028, 'Utica', 25),
(1029, 'Valdivia', 5),
(1030, 'Valencia', 23),
(1031, 'Valle de San Jos&eacute;', 68),
(1032, 'Valle de San Juan', 73),
(1033, 'Valle Guamuez', 86),
(1034, 'Valledupar', 20),
(1035, 'Valpara&iacute;so', 18),
(1036, 'Valpara&iacute;so', 5),
(1037, 'Vegach&iacute;', 5),
(1038, 'V&eacute;lez', 68),
(1039, 'Venadillo', 73),
(1040, 'Venecia', 25),
(1041, 'Venecia', 5),
(1042, 'Ventaquemada', 15),
(1043, 'Vergara', 25),
(1044, 'Versalles', 76),
(1045, 'Vetas', 68),
(1046, 'Viani', 25),
(1047, 'Victoria', 17),
(1048, 'Vigia del Fuerte', 5),
(1049, 'Vijes', 76),
(1050, 'Villa Caro', 54),
(1051, 'Villa de Leyva', 15),
(1052, 'Villa del Rosario', 54),
(1053, 'Villagarz&oacute;n', 86),
(1054, 'Villag&oacute;mez', 25),
(1055, 'Villahermosa', 73),
(1056, 'Villamar&iacute;a', 17),
(1057, 'Villanueva', 13),
(1058, 'Villanueva', 68),
(1059, 'Villanueva', 44),
(1060, 'Villanueva', 85),
(1061, 'Villapinz&oacute;n', 25),
(1062, 'Villarrica', 73),
(1063, 'Villavicencio', 50),
(1064, 'Villavieja', 41),
(1065, 'Villeta', 25),
(1066, 'Viota', 25),
(1067, 'Viracacha', 15),
(1068, 'Vista Hermosa', 50),
(1069, 'Viterbo', 17),
(1070, 'Yacopi', 25),
(1071, 'Yacuanquer', 52),
(1072, 'Yaguara', 41),
(1073, 'Yali', 5),
(1074, 'Yarumal', 5),
(1075, 'Yavarate', 97),
(1076, 'Yolomb&oacute;', 5),
(1077, 'Yondo', 5),
(1078, 'Yopal', 85),
(1079, 'Yotoco', 76),
(1080, 'Yumbo', 76),
(1081, 'Zambrano', 13),
(1082, 'Zapatoca', 68),
(1083, 'Zaragoza', 5),
(1084, 'Zarzal', 76),
(1085, 'Zetaquira', 15),
(1086, 'Zipac&oacute;n', 25),
(1087, 'Zipaquir&aacute;', 25),
(1088, 'Azul', 100),
(1089, 'Z&aacute;rate', 100);

INSERT INTO departamento (nombre, iddepartamento, pais_idpais) VALUES
('AMAZONAS', 91, 1),
('ANTIOQUIA', 5, 1),
('ARAUCA', 81, 1),
('ATLANTICO', 8, 1),
('BOGOTA D.C', 11, 1),
('BOLIVAR', 13, 1),
('BOYACA', 15, 1),
('CALDAS', 17, 1),
('CAQUETA', 18, 1),
('CASANARE', 85, 1),
('CAUCA', 19, 1),
('CESAR', 20, 1),
('CHOCO', 27, 1),
('CORDOBA', 23, 1),
('CUNDINAMARCA', 25, 1),
('GUAINIA', 94, 1),
('GUAVIARE', 95, 1),
('HUILA', 41, 1),
('LA GUAJIRA', 44, 1),
('MAGDALENA', 47, 1),
('META', 50, 1),
('NARINO', 52, 1),
('NORTE SANTANDER', 54, 1),
('PUTUMAYO', 86, 1),
('QUINDIO', 63, 1),
('RISARALDA', 66, 1),
('SAN ANDRES', 88, 1),
('SANTANDER', 68, 1),
('SUCRE', 70, 1),
('TOLIMA', 73, 1),
('VALLE', 76, 1),
('VAUPES', 97, 1),
('VICHADA', 99, 1),
('Buenos Aires', 100, 2),
('NEW YORK', 101, 3),
('CARACAS', 102, 4);

INSERT INTO pais (idpais, nombre) VALUES
(1, 'Colombia'),
(2, 'Argentina'),
(3, 'ESTADOS UNIDOS'),
(4, 'VENEZUELA');

INSERT INTO entidad (identidad, nombre) VALUES
(1, 'funcionario'),
(2, 'dependencia'),
(3, 'ejecutor'),
(4, 'cargo'),
(5, 'dependencia_cargo');

INSERT INTO perfil (idperfil, nombre) VALUES
(1, 'ADMINISTRADOR'),
(2, 'DIRECTOR'),
(4, 'COORDINADOR'),
(3, 'JEFE'),
(5, 'AUXILIAR'),
(6, 'GENERAL'),
(10, 'RADICADOR'),
(8, 'ADMIN_INTERNO');

INSERT INTO busqueda (idbusqueda, nombre, etiqueta, estado, ancho, campos, llave, tablas, ruta_libreria, ruta_libreria_pantalla, cantidad_registros, tiempo_refrescar, ruta_visualizacion, tipo_busqueda) VALUES
(3, 'documento', 'documentos pendientes', 1, 200, 'a.fecha,a.estado,a.ejecutor,a.serie,a.descripcion,a.pdf,a.tipo_radicado,a.plantilla,a.numero,a.tipo_ejecutor,b.fecha_inicial', 'a.iddocumento', 'documento a', 'pantallas/documento/librerias.php,pantallas/documento/librerias_flujo.php,pantallas/documento/librerias_transferencias.php', 'pantallas/documento/adicionales_js.php', 10, 500, 'pantallas/busqueda/componentes_busqueda.php', 1),
(1, 'funcionario', 'funcionarios', 1, 200, 'nombres,apellidos,nit,funcionario_codigo,login, case estado when 1 then ''activo'' when 0 then ''inactivo'' end as estado', 'idfuncionario', 'funcionario', 'pantallas/funcionario/librerias.php', NULL, 10, 500, 'pantallas/busqueda/componentes_busqueda.php', 1),
(2, 'cargo', 'cargos', 1, 200, 'nombre', 'idcargo', 'cargo', 'pantallas/cargo/librerias.php', NULL, 10, 500, 'pantallas/busqueda/componentes_busqueda.php', 1),
(4, 'historico', 'documentos historicos', 1, 200, 'a.fecha,a.estado,a.ejecutor,a.serie,a.descripcion,a.tipo_radicado,a.numero,a.plantilla,a.tipo_ejecutor', 'a.iddocumento', 'documento a', 'pantallas/documento/librerias.php', 'pantallas/documento/adicionales_js.php', 10, 500, 'pantallas/busqueda/componentes_busqueda.php', 1),
(15, 'estructura_hoja_vida', 'estructuras hoja de vida', 1, 200, 'a.numero,a.fecha,a.fecha,a.descripcion,a.plantilla,a.tipo_ejecutor', 'a.iddocumento', 'documento a', 'pantallas/documento/librerias_tramitados.php,pantallas/documento/librerias.php,pantallas/documento/librerias_flujo.php', 'pantallas/documento/adicionales_js.php', 10, 500, 'pantallas/busqueda/componentes_busqueda.php', 1),
(16, 'modulo', 'modulos', 1, 200, 'a.nombre,a.etiqueta,a.enlace,a.destino,a.imagen,a.cod_padre,a.permiso_admin,a.orden,a.tipo', 'a.idmodulo', 'modulo a', 'pantallas/modulo/librerias.php', 'pantallas/modulo/js/validaciones.php', 10, 500, 'pantallas/busqueda/componentes_busqueda.php', 1),
(17, 'busqueda_avanzada', 'busqueda avanzada', 1, 250, 'a.fecha,a.estado,a.ejecutor,a.serie,a.descripcion,a.pdf,a.tipo_radicado,a.plantilla,a.numero,a.tipo_ejecutor', 'a.iddocumento', 'documento a', 'pantallas/documento/librerias.php,pantallas/documento/librerias_flujo.php,pantallas/documento/librerias_transferencias.php,pantallas/documento/librerias_busqueda_avanzada.php', 'pantallas/documento/adicionales_js.php', 10, 500, 'pantallas/busqueda/componentes_busqueda.php', 1),
(18, 'formatos_generados', 'formatos', 1, 200, 'a.fecha,a.estado as estado_doc,a.ejecutor,a.serie,a.descripcion,a.pdf,a.tipo_radicado,a.plantilla,a.numero,a.tipo_ejecutor', 'a.iddocumento', 'documento a', 'pantallas/documento/librerias_tramitados.php,pantallas/documento/librerias.php,pantallas/documento/librerias_flujo.php,pantallas/documento/librerias_busqueda_avanzada.php', NULL, 30, 500, 'pantallas/busqueda/componentes_busqueda.php', 1),
(5, 'documento_proceso', 'documentos en proceso', 1, 200, 'a.fecha,a.estado,a.descripcion,a.plantilla,a.numero,a.serie,a.tipo_ejecutor', 'a.iddocumento', 'documento a', 'pantallas/documento/librerias.php,pantallas/documento/librerias_flujo.php,pantallas/documento/librerias_transferencias.php,pantallas/documento/librerias_proceso.php', 'pantallas/documento/adicionales_js.php', 10, 500, 'pantallas/busqueda/componentes_busqueda.php', 1),
(6, 'busqueda_documento', 'busqueda de documentos', 1, 200, 'a.numero,a.fecha, a.descripcion,a.estado,a.plantilla,a.tipo_ejecutor', 'a.iddocumento', 'documento a', 'pantallas/busqueda_documento/librerias_busqueda_documento.php,pantallas/documento/librerias.php', 'pantallas/documento/adicionales_js.php', 10, 500, 'pantallas/busqueda/componentes_busqueda.php', 1),
(7, 'pendiente_entrada', 'pendientes de entrada', 1, 200, 'a.numero,a.fecha,a.serie,a.plantilla,a.numero,a.tipo_ejecutor', 'a.iddocumento', 'documento a', 'pantallas/documento/librerias.php,pantallas/documento/librerias_pendientes_entrada.php', 'pantallas/documento/adicionales_js.php', 10, 500, 'pantallas/busqueda/componentes_busqueda.php', 1),
(8, 'no_transferidos', 'no transferidos', 1, 200, 'a.numero,a.fecha,a.descripcion,a.serie,a.tipo_ejecutor', 'a.iddocumento', 'documento a left join buzon_salida z on (a.iddocumento = z.archivo_idarchivo)', 'pantallas/documento/librerias.php', 'pantallas/documento/adicionales_js.php', 10, 500, 'pantallas/busqueda/componentes_busqueda.php', 1),
(9, 'en_proceso', 'proceso radicacion', 1, 200, 'a.fecha,a.estado,a.ejecutor,a.serie,a.descripcion,a.pdf,a.tipo_radicado,a.plantilla,a.numero,a.tipo_ejecutor', 'a.iddocumento', 'documento a', 'pantallas/documento/librerias.php,pantallas/documento/librerias_flujo.php,pantallas/documento/librerias_transferencias.php', 'pantallas/documento/adicionales_js.php', 10, 500, 'pantallas/busqueda/componentes_busqueda.php', 1),
(10, 'pendiente_salida', 'pendientes salida', 1, 200, 'a.numero,a.fecha,a.descripcion,a.serie,a.plantilla,a.tipo_ejecutor', 'a.iddocumento', 'documento a', 'pantallas/documento/librerias.php', 'pantallas/documento/adicionales_js.php', 10, 500, 'pantallas/busqueda/componentes_busqueda.php', 1),
(11, 'dependencia_cargo', 'roles', 1, 200, 'a.nombres,a.apellidos,a.login,b.nombre as nom_dependencia,c.nombre as nom_cargo, case d.estado when 0 then ''inactivo'' when 1 then ''activo'' end as estado_rol, case c.estado when 0 then ''inactivo'' when 1 then ''activo''  end as estado_car, case b.estado when 0 then ''inactivo'' when 1 then ''activo'' end as estado_dep', 'd.iddependencia_cargo', 'funcionario a, dependencia b, cargo c, dependencia_cargo d', 'pantallas/rol/librerias.php', NULL, 10, 500, 'pantallas/busqueda/componentes_busqueda.php', 1),
(12, 'ejecutor', 'ejecutores', 1, 200, 'a.nombre,a.identificacion,a.fecha_ingreso', 'a.idejecutor', 'ejecutor a', 'pantallas/ejecutor/librerias.php', NULL, 10, 500, 'pantallas/busqueda/componentes_busqueda.php', 1),
(13, 'tramitado', 'tramitados', 1, 200, 'a.numero,a.fecha,a.descripcion,a.plantilla,a.tipo_ejecutor', 'a.iddocumento', 'documento a', 'pantallas/documento/librerias_tramitados.php,pantallas/documento/librerias.php,pantallas/documento/librerias_flujo.php', 'pantallas/documento/adicionales_js.php', 10, 500, 'pantallas/busqueda/componentes_busqueda.php', 1),
(24, 'documentos_importantes', 'Documentos importantes', 1, 200, 'a.fecha,a.estado,a.ejecutor,a.serie,a.descripcion,a.pdf,a.tipo_radicado,a.plantilla,a.numero,c.fecha_inicial,a.tipo_ejecutor', 'a.iddocumento', 'documento a, prioridad_documento b, asignacion c', 'pantallas/documento/librerias.php,pantallas/documento/librerias_flujo.php,pantallas/documento/librerias_transferencias.php,pantallas/documento/librerias_prioridad_documentos.php', 'pantallas/documento/adicionales_js.php', 10, 500, 'pantallas/busqueda/componentes_busqueda.php', 1),
(14, 'hoja_vida', 'hojas de vida', 1, 200, 'a.numero,a.fecha,a.fecha,a.descripcion,a.plantilla,a.tipo_ejecutor', 'a.iddocumento', 'documento a', 'pantallas/documento/librerias_tramitados.php,pantallas/documento/librerias.php,pantallas/documento/librerias_flujo.php,pantallas/hojas_vida/librerias.php', 'pantallas/documento/adicionales_js.php', 10, 500, 'pantallas/busqueda/componentes_busqueda.php', 1),
(19, 'configuracion', 'Configuracion', 1, 200, 'A.nombre,A.valor,A.tipo,A.fecha', 'A.idconfiguracion', 'configuracion A', 'pantallas/configuracion/librerias.php', NULL, 10, 500, 'pantallas/busqueda/componentes_busqueda.php', 1),
(20, 'componentes', 'Componentes', 1, 200, 'A.nombre as nombre_busqueda,A.etiqueta as etiqueta_busqueda,A.estado as estado_busqueda,A.ancho as ancho_busqueda,A.campos,A.llave,A.tablas,A.ruta_libreria,B.campos_adicionales,B.tablas_adicionales,B.ordenado_por,B.agrupado_por,A.idbusqueda', 'B.idbusqueda_componente', 'busqueda A, busqueda_componente B', 'pantallas/busquedas/librerias.php', NULL, 10, 500, 'pantallas/busqueda/componentes_busqueda.php', 1),
(21, 'evento', 'Historial', 1, 200, 'A.funcionario_codigo,A.fecha,A.tabla_e,A.estado,A.registro_id,B.nombres,B.apellidos', 'A.idevento', 'evento A, funcionario B', 'pantallas/evento/librerias.php', NULL, 30, 500, 'pantallas/busqueda/componentes_busqueda.php', 1),
(22, 'activar_documento', 'Activar documentos', 1, 200, 'a.fecha,a.estado,a.ejecutor,a.serie,a.descripcion,a.pdf,a.tipo_radicado,a.plantilla,a.numero,a.tipo_ejecutor', 'a.iddocumento', 'documento a', 'pantallas/documento/librerias.php,pantallas/documento/librerias_flujo.php,pantallas/documento/librerias_transferencias.php', 'pantallas/documento/adicionales_js.php', 30, 500, 'pantallas/busqueda/componentes_busqueda.php', 1),
(23, 'listado_flujos', 'Listado de flujos', 1, 200, 'a.title,a.description,a.publico, a.createdDate,a.lastUpdate', 'a.Id', 'diagram a', 'pantallas/diagramas/librerias.php', 'pantallas/diagramas/adicionales_js.php', 30, 500, 'pantallas/busqueda/componentes_busqueda.php', 1),
(25, 'borradores', 'Borradores', 1, 200, 'a.fecha,a.estado,a.ejecutor,a.serie,a.descripcion,a.pdf,a.tipo_radicado,a.plantilla,a.numero,a.tipo_ejecutor', 'a.iddocumento', 'documento a', 'pantallas/documento/librerias.php,pantallas/documento/librerias_flujo.php,pantallas/documento/librerias_transferencias.php,pantallas/documento/librerias_borradores.php', 'pantallas/documento/adicionales_js.php', 10, 500, 'pantallas/busqueda/componentes_busqueda.php', 1),
(26, 'documentos_anulados', 'Documentos anulados', 1, 200, 'a.fecha,a.estado,a.descripcion,a.plantilla,a.numero,a.serie,a.tipo_ejecutor', 'a.iddocumento', 'documento a', 'pantallas/documento/librerias.php,pantallas/documento/librerias_flujo.php,pantallas/documento/librerias_transferencias.php,pantallas/documento/librerias_proceso.php', 'pantallas/documento/adicionales_js.php', 10, 500, 'pantallas/busqueda/componentes_busqueda.php', 1),
(27, 'todos_documentos', 'Todos los documentos', 1, 200, 'a.fecha,a.estado,a.ejecutor,a.serie,a.descripcion,a.pdf,a.tipo_radicado,a.plantilla,a.numero,a.tipo_ejecutor', 'a.iddocumento', 'documento a', 'pantallas/documento/librerias.php,pantallas/documento/librerias_flujo.php,pantallas/documento/librerias_transferencias.php,pantallas/documento/librerias_busqueda_avanzada.php', 'pantallas/documento/adicionales_js.php', 10, 500, 'pantallas/busqueda/componentes_busqueda.php', 1);


INSERT INTO busqueda_componente (idbusqueda_componente, busqueda_idbusqueda, tipo, conector, url, etiqueta, nombre, orden, info, encabezado_componente, estado, ancho, cargar, campos_adicionales, tablas_adicionales, ordenado_por, direccion, agrupado_por, busqueda_avanzada, acciones_seleccionados, modulo_idmodulo) VALUES
(61, 18, 3, 2, 'busquedas/consulta_busqueda.php', 'Hoja de Vida', 'ft_hoja_vida', 1, '<div>{*barra_superior_documento@iddocumento,plantilla,numero*}<b>Numero Radicado: {*numero*}</b><br><b>Fecha:</b>{*fecha*}<br><b>Descripcion:</b> {*descripcion*}<br>{*origen_documento@ejecutor,plantilla*}<br>{*plantilla_formato@plantilla*}<br>{*serie_documento@serie*}<br>{*fecha_documento@iddocumento*}{*estado_documento@iddocumento,estado_doc,funcionario*}{*barra_inferior_documento@iddocumento,funcionario*}<br>{*validacion_flujos@iddocumento*}</div>', '', 2, 320, 2, 'Z.nombres,Z.documento,Z.nombre_sustituto,Z.identificacion_sustituto,Z.celular,Z.tipo_sanguineo,Z.telefono,Z.email,Z.estado', 'ft_hoja_vida Z', 'A.fecha', NULL, 'A.iddocumento', 'pantallas/documento/busqueda_avanzada_documento.php', '', 0),
(81, 18, 3, 2, 'busquedas/consulta_busqueda.php', 'Memorando', 'ft_memorando', 1, '<div><div style=''float:left;'' class=''link kenlace_saia'' enlace=''ordenar.php?key={*iddocumento*}&accion=mostrar&mostrar_formato=1'' conector=''iframe'' titulo=''Documento No.{*numero*}''><b>{*origen_documento@iddocumento,numero,ejecutor,tipo_radicado,estado,serie,tipo_ejecutor*}</div> {*fecha_creacion_documento@fecha,plantilla*}</b><br><br>{*descripcion*}<br><br>{*barra_inferior_documento@iddocumento,numero*}</div>', '', 2, 320, 2, 'Z.destino,Z.asunto,Z.contenido,Z.anexos', 'ft_memorando Z', 'A.fecha', NULL, 'A.iddocumento', 'pantallas/documento/busqueda_avanzada_documento.php', '', 0),
(3, 1, 3, 2, 'busquedas/consulta_busqueda.php', 'Funcionarios', 'funcionario', 2, '<div>{*barra_superior_funcionario@idfuncionario*}<br><b>Nombres:</b> {*nombres*} {*apellidos*}<br><b>Funcionario codigo:</b> {*funcionario_codigo*}<br><b>Login:</b> {*login*}<br><b>Perfil:</b>{*nombre*}<br><b>Estado:</b>{*estado*}</div>', '', 1, 320, 1, 'B.nombre', 'perfil B', '', NULL, '', 'pantallas/funcionario/busqueda_avanzada_funcionario.php', '', 15),
(82, 18, 3, 2, 'busquedas/consulta_busqueda.php', 'Carta', 'ft_carta', 1, '<div><div style=''float:left;'' class=''link kenlace_saia'' enlace=''ordenar.php?key={*iddocumento*}&accion=mostrar&mostrar_formato=1'' conector=''iframe'' titulo=''Documento No.{*numero*}''><b>{*origen_documento@iddocumento,numero,ejecutor,tipo_radicado,estado,serie,tipo_ejecutor*}</div> {*fecha_creacion_documento@fecha,plantilla*}</b><br><br>{*descripcion*}<br><br>{*barra_inferior_documento@iddocumento,numero*}</div>', '', 2, 320, 2, 'Z.destinos,Z.copia,Z.asunto,Z.contenido,Z.copiainterna,Z.anexos_digitales', 'ft_carta Z', 'A.fecha', NULL, 'A.iddocumento', 'pantallas/documento/busqueda_avanzada_documento.php', '', 0),
(6, 2, 3, 2, 'busquedas/consulta_busqueda.php', 'Cargos', 'cargo', 2, '{*barra_superior_cargo@idcargo*}<div>{*nombre*}<br><div enlace="cargoview.php?key={*idcargo*}" titulo="Ver cargo" conector="iframe" class="kenlace_saia btn btn-primary btn-mini" >Ver cargo</div></div>', '', 2, 320, 2, '', '', '', NULL, '', 'pantallas/cargo/busqueda_avanzada_cargo.php', '', 0),
(7, 3, 3, 2, 'busquedas/consulta_busqueda.php', 'Documentos Pendientes', 'documento_pendiente', 1, '<div><div style=''float:left;'' class=''link kenlace_saia'' enlace=''ordenar.php?key={*iddocumento*}&accion=mostrar&mostrar_formato=1'' conector=''iframe'' titulo=''Documento No.{*numero*}''><b>{*origen_documento@iddocumento,numero,ejecutor,tipo_radicado,estado,serie,tipo_ejecutor*}</div> {*fecha_creacion_documento@fecha_inicial,plantilla*}</b><br><br>{*descripcion*}<br><br>{*barra_inferior_documento@iddocumento,numero*}</div>', '', 2, 320, 2, '', 'asignacion B', 'B.fecha_inicial', NULL, 'A.iddocumento,A.fecha,A.estado,A.ejecutor,A.serie,A.descripcion,A.pdf,A.tipo_radicado,A.plantilla,A.numero', 'pantallas/documento/busqueda_avanzada_documento.php', 'transferir_docs,vincular_documentos', 0),
(9, 4, 3, 2, 'busquedas/consulta_busqueda.php', 'Documentos historicos', 'documento_historico', 3, '<div><div style=''float:left;'' class=''link kenlace_saia'' enlace=''ordenar.php?key={*iddocumento*}&accion=mostrar&mostrar_formato=1'' conector=''iframe'' titulo=''Documento No.{*numero*}''><b>{*origen_documento@iddocumento,numero,ejecutor,tipo_radicado,estado,serie,tipo_ejecutor*}</div> {*fecha_creacion_documento@fecha,plantilla*}</b><br><br>{*descripcion*}<br><br>{*barra_inferior_documento@iddocumento,numero*}</div>', '', 2, 320, 2, '', 'buzon_entrada B', '', NULL, 'A.iddocumento', 'pantallas/documento/busqueda_avanzada_documento.php', 'vincular_documentos', 0),
(10, 4, 3, 2, 'busquedas/consulta_busqueda.php', 'Documentos central', 'documento_central', 2, '<div><div style=''float:left;'' class=''link kenlace_saia'' enlace=''ordenar.php?key={*iddocumento*}&accion=mostrar&mostrar_formato=1'' conector=''iframe'' titulo=''Documento No.{*numero*}''><b>{*origen_documento@iddocumento,numero,ejecutor,tipo_radicado,estado,serie,tipo_ejecutor*}</div> {*fecha_creacion_documento@fecha,plantilla*}</b><br><br>{*descripcion*}<br><br>{*barra_inferior_documento@iddocumento,numero*}</div>', '', 2, 320, 2, '', 'buzon_entrada B', '', NULL, 'A.iddocumento', 'pantallas/documento/busqueda_avanzada_documento.php', 'vincular_documentos', 0),
(11, 4, 3, 2, 'busquedas/consulta_busqueda.php', 'Documentos gestion', 'documento_gestion', 1, '<div><div style=''float:left;'' class=''link kenlace_saia'' enlace=''ordenar.php?key={*iddocumento*}&accion=mostrar&mostrar_formato=1'' conector=''iframe'' titulo=''Documento No.{*numero*}''><b>{*origen_documento@iddocumento,numero,ejecutor,tipo_radicado,estado,serie,tipo_ejecutor*}</div> {*fecha_creacion_documento@fecha,plantilla*}</b><br><br>{*descripcion*}<br><br>{*barra_inferior_documento@iddocumento,numero*}</div>', '', 2, 320, 2, '', 'buzon_entrada B', '', NULL, 'A.iddocumento', 'pantallas/documento/busqueda_avanzada_documento.php', 'vincular_documentos', 0),
(29, 15, 3, 2, 'busquedas/consulta_busqueda.php', 'Estructura de hojas de vida', 'estructura_hoja_vida', 1, '<div>{*barra_superior_documento@iddocumento,plantilla,numero*}<b>Numero Radicado: {*numero*}</b><br><b>Fecha:</b>{*fecha*}<br><b>Nombre:</b> {*nombre*}<br><b>Obligatoriedad:</b> {*resultado*}<br><b>Caracteristicas:</b> {*caracteristicas*}<br>{*origen_documento@ejecutor,plantilla*}<br>{*barra_inferior_documento@iddocumento,funcionario*}<br>{*validacion_flujos@iddocumento*}</div>', '', 1, 320, 2, 'B.nombre,CASE when B.obligatoriedad> 0 THEN ''Obligatorio'' ELSE ''Opcional'' END as resultado,B.caracteristicas', 'ft_estructura_hoja_vida B', 'A.fecha', NULL, '', 'pantallas/estructura_hoja_vida/busqueda_avanzada_estructura.php', 'vincular_documentos', 0),
(30, 16, 3, 2, 'busquedas/consulta_busqueda.php', 'Modulos', 'modulo', 2, '<div>\n{*barra_superior_modulo@idmodulo*}<br>\n<b>Nombre:</b> {*nombre*}<br>\n<b>Etiqueta:</b>{*etiqueta*}<br>\n<b>Imagen:</b> {*imagen*}<br>\n<b>tipo:</b> {*tipo*}<br>\n<b>Enlace:</b> {*enlace*}<br>\n<b>Destino:</b> {*destino*}<br>\n<b>Padre:</b> {*nombre_padre@cod_padre*}<br>\n<b>Orden:</b> {*orden*}<br>\n</div>', '', 2, 320, 2, '', '', '', NULL, '', 'pantallas/modulo/busqueda_avanzada_modulo.php', '', 0),
(31, 16, 3, 2, '../moduloadd.php?accion=adicionar', 'Adicionar modulos', 'adicionar_modulo', 1, '', '', 1, 450, 2, '', '', '', NULL, '', '', '', 0),
(32, 17, 1, 2, '', 'Buscador', 'buscador', 2, '<div>\n<form method="post" id="kformulario_saia" action="busquedas/procesa_filtro_busqueda.php">\n<div class="control-group">\n<label class="string required control-label">Numero</label><br>\n<input type="text" name="bqsaia_numero">\n<input type="hidden" name="bksaiacondicion_numero" value="in">\n</div>\n\n<input type="hidden" name="bqsaiaenlace_numero" value="y">\n\n<div class="control-group">\n<label class="string required control-label">Fecha inicial</label><br>\n<input type="text" name="bqsaia_A@fecha_x" class="ksaia_fechai">\n<input type="hidden" name="bksaiacondicion_A@fecha_x" value=">=">\n</div>\n\n<input type="hidden" name="bqsaiaenlace_A@fecha_x" value="y">\n\n<div class="control-group">\n<label class="string required control-label">Fecha final</label><br>\n<input type="text" name="bqsaia_A@fecha_y">\n<input type="hidden" name="bksaiacondicion_A@fecha_y" value="<=">\n</div>\n\n<input type="hidden" name="bqsaiaenlace_A@fecha_y" value="y">\n\n\n<div class="control-group">\n<label class="string required control-label">Descripci&oacute;n</label><br>\n<input type="text" name="bqsaia_descripcion">\n<input type="hidden" name="bksaiacondicion_descripcion" value="like">\n</div>\n\n<input type="hidden" name="bqtipodato" value="date|A@fecha_x,A@fecha_y">\n\n<input type="hidden" name="idbusqueda_componente" value="33">\n<input type="hidden" name="adicionar_consulta" value="1">\n<button type="button" id="ksubmit_saia" class="btn btn-mini"\n titulo="Resultado" enlace="pantallas/busquedas/procesa_filtro_busqueda.php">Buscar</button>\n</form>\n</div>', '', 1, 450, 2, '', '', '', NULL, '', '', '', 0),
(33, 17, 3, 2, 'busquedas/consulta_busqueda.php', 'Documentos', 'listado_documentos', 1, '<div><div style=''float:left;'' class=''link kenlace_saia'' enlace=''ordenar.php?key={*iddocumento*}&accion=mostrar&mostrar_formato=1'' conector=''iframe'' titulo=''Documento No.{*numero*}''><b>{*origen_documento@iddocumento,numero,ejecutor,tipo_radicado,estado,serie,tipo_ejecutor*}</div> {*fecha_creacion_documento@fecha,plantilla*}</b><br><br>{*descripcion*}<br><br>{*barra_inferior_documento@iddocumento,numero*}</div>', '', 2, 470, 2, '', 'buzon_salida z', 'A.fecha', NULL, 'A.iddocumento', 'pantallas/documento/busqueda_avanzada_documento.php', '', 0),
(12, 3, 3, 2, 'busquedas/consulta_busqueda.php', 'Pendientes ultima semana', 'pendientes_ultima_semana', 3, '<div><div style=''float:left;'' class=''link kenlace_saia'' enlace=''ordenar.php?key={*iddocumento*}&accion=mostrar&mostrar_formato=1'' conector=''iframe'' titulo=''Documento No.{*numero*}''><b>{*origen_documento@iddocumento,numero,ejecutor,tipo_radicado,estado,serie,tipo_ejecutor*}</div> {*fecha_creacion_documento@fecha_inicial,plantilla*}</b><br><br>{*descripcion*}<br><br>{*barra_inferior_documento@iddocumento,numero*}</div>', '', 1, 320, 2, '', 'asignacion B', '', NULL, '', 'pantallas/documento/busqueda_avanzada_documento.php', 'vincular_documentos', 0),
(13, 3, 3, 2, 'busquedas/consulta_busqueda.php', 'Pendientes ultimo mes', 'pendientes_ultimo_mes', 4, '<div><div style=''float:left;'' class=''link kenlace_saia'' enlace=''ordenar.php?key={*iddocumento*}&accion=mostrar&mostrar_formato=1'' conector=''iframe'' titulo=''Documento No.{*numero*}''><b>{*origen_documento@iddocumento,numero,ejecutor,tipo_radicado,estado,serie,tipo_ejecutor*}</div> {*fecha_creacion_documento@fecha_inicial,plantilla*}</b><br><br>{*descripcion*}<br><br>{*barra_inferior_documento@iddocumento,numero*}</div>', '', 1, 320, 2, '', 'asignacion B', '', NULL, '', 'pantallas/documento/busqueda_avanzada_documento.php', 'vincular_documentos', 0),
(14, 5, 3, 2, 'busquedas/consulta_busqueda.php', 'Documentos en proceso', 'documento_proceso', 1, '<div><div style=''float:left;'' class=''link kenlace_saia'' enlace=''ordenar.php?key={*iddocumento*}&accion=mostrar&mostrar_formato=1'' conector=''iframe'' titulo=''Documento No.{*numero*}''><b>{*origen_documento@iddocumento,numero,ejecutor,tipo_radicado,estado,serie,tipo_ejecutor*}</div> {*fecha_creacion_documento@fecha,plantilla*}</b><br><br>{*descripcion*}<br><br>{*barra_inferior_documento@iddocumento,numero*}</div>', '', 2, 200, 2, '', '', 'A.fecha', NULL, 'A.iddocumento', 'pantallas/documento/busqueda_avanzada_documento.php', 'transferir_docs,vincular_documentos', 0),
(15, 6, 3, 2, 'busquedas/consulta_busqueda.php', 'Busqueda de documentos', 'busqueda_documento', 1, '<div>{*barra_superior_documento@iddocumento,plantilla,numero*}<b>Numero Radicado: {*numero*}</b><br><b>Fecha:</b>{*fecha*}<br><b>Descripcion:</b> {*descripcion*}<br>{*origen_documento@ejecutor,plantilla*}<br>{*plantilla_formato@plantilla*}<br>{*serie_documento@serie*}<br>{*fecha_documento@iddocumento*}{*estado_documento@iddocumento,estado,funcionario*}{*barra_inferior_documento@iddocumento,funcionario*}{*validacion_flujos@iddocumento*}</div>', '', 2, 320, 2, '', 'buzon_salida B', '', NULL, 'A.iddocumento', 'pantallas/documento/busqueda_avanzada_documento.php', 'vincular_documentos', 0),
(16, 7, 3, 2, 'busquedas/consulta_busqueda.php', 'Pendientes entrada', 'pendientes_entrada', 1, '<div>\n{*barra_superior_entrada@iddocumento,plantilla,numero*}\n<b>Numero Radicado: {*numero*}</b>\n<br>\n<b>Fecha:</b>{*fecha*}\n<br>\n{*serie_documento@serie*}</div>', '', 2, 320, 2, '', '', 'a.fecha', NULL, '', 'pantallas/documento/busqueda_avanzada_documento.php', 'vincular_documentos', 0),
(17, 8, 3, 2, 'busquedas/consulta_busqueda.php', 'No transferidos', 'no_transferidos', 1, '<div><div style=''float:left''><b>{*numero*} - {*origen_documento@iddocumento,ejecutor,tipo_radicado,estado*}-{*serie_documento,tipo_ejecutor@serie*}</div> {*fecha_creacion_documento@fecha,plantilla*}</b><br><br>{*descripcion*}<br><br>{*barra_inferior_documento@iddocumento,numero*}</div>', '', 2, 320, 2, '', '', 'A.fecha', NULL, '', 'pantallas/documento/busqueda_avanzada_documento.php', 'vincular_documentos', 0),
(90, 23, 3, 2, 'busquedas/consulta_busqueda.php', 'Listado de flujos', 'listado_flujos', 2, '<div>{*barra_superior_diagramas@id*}\n<br>\n<b>Nombre:</b> {*title*}<br>\n<b>Descripci&oacute;n:</b> {*description*}\n</div>', '', 2, 320, 1, NULL, NULL, 'a.title', NULL, NULL, NULL, NULL, NULL),
(18, 9, 3, 2, 'busquedas/consulta_busqueda.php', 'En proceso', 'en_proceso1', 1, '<div><div style=''float:left;'' class=''link kenlace_saia'' enlace=''ordenar.php?key={*iddocumento*}&accion=mostrar&mostrar_formato=1'' conector=''iframe'' titulo=''Documento No.{*numero*}''>\r\n<b>{*origen_documento@iddocumento,numero,ejecutor,tipo_radicado,estado,serie,tipo_ejecutor*}</div> {*fecha_creacion_documento@fecha,plantilla*}</b><br><br>{*descripcion*}<br><br>{*barra_inferior_documento@iddocumento,numero*}\r\n</div>', '', 2, 320, 2, '', '', 'a.fecha', NULL, 'a.iddocumento', 'pantallas/documento/busqueda_avanzada_documento.php', 'vincular_documentos', 0),
(91, 23, 3, 2, '../diagramadd.php', 'Adicionar flujo', 'adicionar_flujo', 1, NULL, '', 1, 320, 1, NULL, NULL, NULL, NULL, NULL, NULL, NULL, NULL),
(19, 10, 3, 2, 'busquedas/consulta_busqueda.php', 'Pendientes salida', 'pendiente_salida', 1, '<div>{*barra_superior_documento@iddocumento,plantilla,numero*}<b>Numero Radicado: {*numero*}</b><br><b>Fecha:</b>{*fecha*}<br><b>Descripcion:</b> {*descripcion*}<br>{*origen_documento@ejecutor,plantilla*}<br>{*plantilla_formato@plantilla*}<br>{*serie_documento@serie*}<br>{*fecha_documento@iddocumento*}{*estado_documento@iddocumento,estado,funcionario*}{*barra_inferior_documento@iddocumento,funcionario*}{*validacion_flujos@iddocumento*}</div>', '', 2, 320, 2, '', '', 'A.fecha', NULL, '', 'pantallas/documento/busqueda_avanzada_documento.php', 'vincular_documentos', 0),
(20, 11, 3, 2, 'busquedas/consulta_busqueda.php', 'Roles', 'dependencia_cargo', 2, '<div>\n{*barra_superior_rol@iddependencia_cargo*}\n<br>\n<b>Login:</b> {*login*}<br>\n<b>Nombres:</b> {*nombres*} {*apellidos*}<br>\n<b>Dependencia:</b> {*nom_dependencia*}<br>\n<b>Cargo:</b> {*nom_cargo*}\n<br>\n<b>Estado rol:</b> {*estado_rol*}\n<br>\n<b>Estado dependencia:</b> {*estado_dep*}\n<br>\n<b>Estado cargo:</b> {*estado_car*}\n</div>', '', 2, 320, 1, '', '', '', NULL, '', 'pantallas/rol/busqueda_avanzada_rol.php', '', 0),
(21, 12, 3, 2, 'busquedas/consulta_busqueda.php', 'Ejecutores', 'ejecutor', 1, '<div>\n{*barra_superior_ejecutores@idejecutor*}\n<br>\n<b>Nombre:</b> {*nombre*}<br>\n<b>Identificacion:</b> {*identificacion*}<br>\n<b>Fecha de ingreso:</b> {*fecha_ingreso*}\n</div>', '', 2, 320, 2, '', '', '', NULL, '', 'pantallas/ejecutor/busqueda_avanzada_rol.php', '', 0),
(22, 1, 3, 2, '../funcionarioadd.php', 'Adicionar funcionarios', 'adicionar_funcionario', 1, '', '', 1, 450, 1, '', '', '', NULL, '', '', '', 0),
(23, 13, 3, 2, 'busquedas/consulta_busqueda.php', 'Tramitados', 'tramitados', 1, '<div><div style=''float:left;'' class=''link kenlace_saia'' enlace=''ordenar.php?key={*iddocumento*}&accion=mostrar&mostrar_formato=1'' conector=''iframe'' titulo=''Documento No.{*numero*}''><b>{*origen_documento@iddocumento,numero,ejecutor,tipo_radicado,estado,serie,tipo_ejecutor*}</div> {*fecha_creacion_documento@fecha,plantilla*}</b><br><br>{*descripcion*}<br><br>{*barra_inferior_documento@iddocumento,numero*}</div>', '', 1, 600, 1, '', '', '', NULL, '', 'pantallas/documento/busqueda_avanzada_documento.php', 'despachar_doc,vincular_documentos,filtrar_despachados', 0),
(24, 11, 3, 2, '../dependencia_cargoadd.php', 'Adicionar rol', 'adicionar_rol', 1, '', '', 1, 600, 1, '', '', '', NULL, '', '', '', 0),
(25, 14, 3, 2, 'busquedas/consulta_busqueda.php', 'Listar hojas de vida', 'hojas_vida', 1, '<div>{*barra_superior_documento@iddocumento,plantilla,numero*}<b>Numero Radicado: {*numero*}</b><br><b>Fecha:</b>{*fecha*}<br><b>Nombres: </b> {*nombres*}<br><b>Identificacion: </b> {*documento*}<br><br>{*barra_inferior_documento@iddocumento,funcionario*}<br>{*validacion_flujos@iddocumento*}</div>', '', 2, 320, 2, 'B.nombres,B.documento', 'ft_hoja_vida B', '', NULL, '', 'pantallas/hojas_vida/busqueda_avanzada_hoja_vida.php', 'vincular_documentos', 0),
(26, 14, 3, 2, 'busquedas/consulta_busqueda.php', 'Hojas de vida activas', 'hojas_vida_activas', 2, '<div>{*barra_superior_documento@iddocumento,plantilla,numero*}<b>Numero Radicado: {*numero*}</b><br><b>Fecha:</b>{*fecha*}<br><b>Nombres: </b> {*nombres*}<br><b>Identificacion: </b> {*documento*}<br><br>{*barra_inferior_documento@iddocumento,funcionario*}<br>{*validacion_flujos@iddocumento*}</div>', '', 1, 320, 2, 'B.nombres,B.documento', 'ft_hoja_vida B', '', NULL, '', 'pantallas/hojas_vida/busqueda_avanzada_hoja_vida.php', 'vincular_documentos', 0),
(27, 14, 3, 2, 'busquedas/consulta_busqueda.php', 'Hojas de vida retirados', 'hojas_vida_retirados', 3, '<div>{*barra_superior_documento@iddocumento,plantilla,numero*}<b>Numero Radicado: {*numero*}</b><br><b>Fecha:</b>{*fecha*}<br><b>Nombres: </b> {*nombres*}<br><b>Identificacion: </b> {*documento*}<br><br>{*barra_inferior_documento@iddocumento,funcionario*}<br>{*validacion_flujos@iddocumento*}</div>', '', 1, 320, 2, 'B.nombres,B.documento', 'ft_hoja_vida B', '', NULL, '', 'pantallas/hojas_vida/busqueda_avanzada_hoja_vida.php', 'vincular_documentos', 0),
(28, 14, 3, 2, 'busquedas/consulta_busqueda.php', 'Hojas de vida pensionados', 'hojas_vida_jubilados', 4, '<div>{*barra_superior_documento@iddocumento,plantilla,numero*}<b>Numero Radicado: {*numero*}</b><br><b>Fecha:</b>{*fecha*}<br><b>Nombres: </b> {*nombres*}<br><b>Identificacion: </b> {*documento*}<br><br>{*barra_inferior_documento@iddocumento,funcionario*}<br>{*validacion_flujos@iddocumento*}</div>', '', 1, 320, 2, 'B.nombres,B.documento', 'ft_hoja_vida B', '', NULL, '', 'pantallas/hojas_vida/busqueda_avanzada_hoja_vida.php', 'vincular_documentos', 0),
(83, 18, 3, 2, 'busquedas/consulta_busqueda.php', 'Radicacion entrada', 'ft_radicacion_entrada', 1, '<div>{*barra_superior_documento@iddocumento,plantilla,numero*}<b>Numero Radicado: {*numero*}</b><br><b>Fecha:</b>{*fecha*}<br><b>Descripcion:</b> {*descripcion*}<br>{*origen_documento@ejecutor,plantilla*}<br>{*plantilla_formato@plantilla*}<br>{*serie_documento@serie*}<br>{*fecha_documento@iddocumento*}{*estado_documento@iddocumento,estado,funcionario*}{*barra_inferior_documento@iddocumento,funcionario*}<br>{*validacion_flujos@iddocumento*}</div>', '', 2, 320, 2, 'Z.fecha_radicacion_entrada,Z.numero_radicado,Z.fecha_oficio_entrada,Z.numero_oficio,Z.persona_natural,Z.descripcion,Z.tiempo_respuesta,Z.anexos_fisicos,Z.descripcion_anexos,Z.anexos_digitales,Z.destino,Z.copia_a,Z.idflujo,Z.numero_folios', 'ft_radicacion_entrada Z', 'A.fecha', NULL, 'A.iddocumento', 'pantallas/documento/busqueda_avanzada_documento.php', '', 0),
(84, 19, 3, 2, 'busquedas/consulta_busqueda.php', 'Configuracion', 'configuracion', 2, '<div>{*barra_superior_configuracion@idconfiguracion*}<br>\r\n<b>Nombre: </b>{*nombre*}<br>\r\n<b>Valor: </b>{*valor*}<br>\r\n<b>Tipo: </b>{*tipo*}<br>\r\n<b>Fecha: </b>{*fecha*}\r\n</div>', '', 2, 320, 1, NULL, NULL, 'A.nombre', NULL, NULL, 'pantallas/configuracion/busqueda_avanzada_configuracion.php', NULL, NULL),
(85, 19, 3, 2, '../configuracionadd.php', 'Adicionar configuracion', 'adicionar_configuracion', 1, NULL, '', 1, 600, 1, NULL, NULL, NULL, NULL, NULL, NULL, NULL, NULL),
(86, 20, 3, 2, 'busquedas/consulta_busqueda.php', 'Listado de componentes', 'listado_componentes', 2, '<div>\n<b>idbusqueda:</b> {*idbusqueda*}<br>\n<b>Etiqueta:</b> {*etiqueta_busqueda*}<br>\n<b>Ruta libreria</b> {*ruta_libreria*}<br>\n<b>Ancho</b> {*ancho_busqueda*}<br><br>\n{*mostrar_consulta@campos,llave,tablas,campos_adicionales,tablas_adicionales,ordenado_por,agrupado_por,idbusqueda_componente,idbusqueda*}\n</div>', '', 2, 600, 1, NULL, NULL, NULL, NULL, NULL, NULL, NULL, NULL),
(87, 21, 3, 2, 'busquedas/consulta_busqueda.php', 'historial', 'Evento', 1, '<div>\n<b>Funcionario:</b> {*nombres*} {*apellidos*}<br>\n<b>Registro Id:</b> {*registro_id*}<br>\n<b>Tabla:</b> {*tabla_e*}<br>\n<b>Fecha:</b> {*fecha*}\n</div>', '', 2, 320, 1, NULL, NULL, NULL, NULL, NULL, NULL, NULL, NULL),
(88, 22, 3, 2, 'busquedas/consulta_busqueda.php', 'Listado de documentos activos', 'listado_documentos_activos', 1, '<div><div style=''float:left''><b>{*numero*} - {*origen_documento@iddocumento,ejecutor,tipo_radicado,estado*}-{*serie_documento@serie*}</div> {*fecha_creacion_documento@fecha,plantilla*}</b><br><br>{*descripcion*}<br><br>{*barra_inferior_documentos_activos@iddocumento,numero*}</div>', '', 1, 600, 1, NULL, NULL, NULL, NULL, NULL, NULL, NULL, NULL),
(92, 22, 3, 2, 'busquedas/consulta_busqueda.php', 'Listado de documentos', 'listado_documentos', 2, '<div><div style=''float:left''><b>{*numero*} - {*origen_documento@iddocumento,ejecutor,tipo_radicado,estado*}-{*serie_documento@serie*}</div> {*fecha_creacion_documento@fecha,plantilla*}</b><br><br>{*descripcion*}<br><br>{*barra_inferior_documentos_noactivos@iddocumento,numero*}</div>', '', 1, 320, 1, NULL, NULL, NULL, NULL, NULL, NULL, NULL, NULL),
(89, 22, 1, 3, NULL, 'Activar documento', 'activar_documento', 3, '<div>\n<form method="post" id="kformulario_saia" action="busquedas/procesa_filtro_busqueda.php">\n<div class="control-group">\n<label class="string required control-label">Numero</label><br>\n<input type="text" name="bqsaia_numero">\n<input type="hidden" name="bksaiacondicion_numero" value="in">\n</div>\n\n<input type="hidden" name="bqsaiaenlace_numero" value="y">\n\n<div class="control-group">\n<label class="string required control-label">Plantilla</label><br>\n\n<script>\n$.post("documento/plantillas.php",function(respuesta){\n$("#mostrar_formlulario").html(respuesta);\n});\n</script>\n<div id="mostrar_formlulario"></div>\n<input type="hidden" name="bksaiacondicion_plantilla" value="like">\n</div>\n\n<input type="hidden" name="idbusqueda_componente" value="92">\n<input type="hidden" name="adicionar_consulta" value="1">\n<button type="button" id="ksubmit_saia" class="btn btn-mini"\n titulo="Resultado" enlace="pantallas/busquedas/procesa_filtro_busqueda.php">Buscar</button>\n</form>\n</div>', '', 1, 320, 1, NULL, NULL, NULL, NULL, NULL, NULL, NULL, NULL),
(93, 24, 3, 2, 'busquedas/consulta_busqueda.php', 'Documentos importantes', 'documentos_importantes', 1, '<div><div style=''float:left;'' class=''link kenlace_saia'' enlace=''ordenar.php?key={*iddocumento*}&accion=mostrar&mostrar_formato=1'' conector=''iframe'' titulo=''Documento No.{*numero*}''><b>{*origen_documento@iddocumento,numero,ejecutor,tipo_radicado,estado,serie,tipo_ejecutor*}</div> {*fecha_creacion_documento@fecha_inicial,plantilla*}</b><br><br>{*descripcion*}<br><br>{*barra_inferior_documento@iddocumento,numero*}</div>', '', 1, 320, 1, NULL, NULL, 'c.fecha_inicial', 'asc', 'a.iddocumento', NULL, NULL, NULL),
(94, 25, 3, 2, 'busquedas/consulta_busqueda.php', 'Borradores', 'borradores', 1, '<div><div style=''float:left;'' class=''link kenlace_saia'' enlace=''ordenar.php?key={*iddocumento*}&accion=mostrar&mostrar_formato=1'' conector=''iframe'' titulo=''Documento No.{*numero*}''><b>{*origen_documento@iddocumento,numero,ejecutor,tipo_radicado,estado,serie,tipo_ejecutor*}</div> {*fecha_creacion_documento@fecha,plantilla*}</b><br><br>{*descripcion*}<br><br>{*barra_inferior_documento@iddocumento,numero*}</div>', '', 1, 320, 2, NULL, NULL, 'a.fecha', 'desc', NULL, NULL, NULL, NULL),
(95, 26, 3, 2, 'busquedas/consulta_busqueda.php', 'Documentos anulados', 'documentos_anulados', 1, '<div><div style=''float:left;'' class=''link kenlace_saia'' enlace=''ordenar.php?key={*iddocumento*}&accion=mostrar&mostrar_formato=1'' conector=''iframe'' titulo=''Documento No.{*numero*}''><b>{*origen_documento@iddocumento,numero,ejecutor,tipo_radicado,estado,serie,tipo_ejecutor*}</div> {*fecha_creacion_documento@fecha,plantilla*}</b><br><br>{*descripcion*}<br><br>{*barra_inferior_documento@iddocumento,numero*}</div>', NULL, 2, 200, 2, NULL, NULL, 'a.fecha', NULL, 'a.iddocumento', NULL, NULL, NULL),
(96, 27, 3, 2, 'busquedas/consulta_busqueda.php', 'Todos los documentos', 'todos_documentos', 1, '<div><div style=''float:left;'' class=''link kenlace_saia'' enlace=''ordenar.php?key={*iddocumento*}&accion=mostrar&mostrar_formato=1'' conector=''iframe'' titulo=''Documento No.{*numero*}''><b>{*origen_documento@iddocumento,numero,ejecutor,tipo_radicado,estado,serie,tipo_ejecutor*}</div> {*fecha_creacion_documento@fecha,plantilla*}</b><br><br>{*descripcion*}<br><br>{*barra_inferior_documento@iddocumento,numero*}</div>', NULL, 2, 470, 2, NULL, '', 'a.fecha', NULL, '', 'pantallas/documento/busqueda_avanzada_documento.php', NULL, NULL),
(97, 18, 3, 2, 'busquedas/consulta_busqueda.php', '5. MAPA DE PROCESOS', 'ft_proceso', 1, '<div><div style=''float:left;'' class=''link kenlace_saia'' enlace=''ordenar.php?key={*iddocumento*}&accion=mostrar&mostrar_formato=1'' conector=''iframe'' titulo=''Documento No.{*numero*}''><b>{*origen_documento@iddocumento,numero,ejecutor,tipo_radicado,estado,serie,tipo_ejecutor*}</div> {*fecha_creacion_documento@fecha,plantilla*}</b><br><br>{*descripcion*}<br><br>{*barra_inferior_documento@iddocumento,numero*}</div>', '', 2, 470, 2, 'Y.coordenadas,Y.nombre,Y.codigo,Y.version,Y.lider_proceso,Y.objetivo,Y.descripcion,Y.politica_operacion,Y.estado', 'ft_proceso Y', 'A.fecha', '', 'A.iddocumento', 'pantallas/documento/busqueda_avanzada_documento.php', '', 0);

INSERT INTO busqueda_condicion (idbusqueda_condicion, busqueda_idbusqueda, fk_busqueda_componente, codigo_where, etiqueta_condicion) VALUES
(1, 1, 0, 'perfil={*seleccionar_perfil@idperfil,idfuncionario*}', 'Perfil General'),
(3, 1, 0, 'funcionario.perfil=perfil.idperfil', 'Enlace perfil'),
(4, 0, 7, 'lower(A.estado)<>''eliminado'' AND A.iddocumento=B.documento_iddocumento AND B.tarea_idtarea<>-1 AND B.entidad_identidad=1 {*filtro_funcionario@funcionario*}', 'Documentos Pendientes'),
(5, 0, 8, 'G.documento_iddocumento = C.documento_iddocumento AND C.documento_iddocumento = A.iddocumento AND G.documento_iddocumento = A.iddocumento AND C.diagram_iddiagram_instance = D.iddiagram_instance AND lower(A.estado) <> ''eliminado'' {*filtro_funcionario_flujo@funcionario*}', 'Documentos Pendientes'),
(6, 0, 9, 'A.estado=''HISTORICO'' AND A.iddocumento=B.archivo_idarchivo AND ({*filtro_funcionario_historico@funcionario*})', 'Documentos historicos'),
(7, 0, 10, 'lower(A.estado)=''central'' AND A.iddocumento=B.archivo_idarchivo AND ({*filtro_funcionario_historico@funcionario*})', 'Documentos central'),
(8, 0, 11, 'lower(A.estado)=''gestion'' AND A.iddocumento=B.archivo_idarchivo AND ({*filtro_funcionario_historico@funcionario*})', 'Documentos gestion'),
(61, 0, 81, 'lower(A.estado)<>''eliminado'' AND Z.documento_iddocumento=A.iddocumento AND {*filtrar_serie_buzon@funcionario*}', 'ft_memorando'),
(62, 0, 82, 'lower(A.estado)<>''eliminado'' AND Z.documento_iddocumento=A.iddocumento AND {*filtrar_serie_buzon@funcionario*}', 'ft_carta'),
(25, 0, 29, 'B.documento_iddocumento=A.iddocumento AND lower(A.estado) NOT IN(''eliminado'')', 'Estructura de hoja de vida'),
(26, 0, 33, 'lower(A.estado)<>''eliminado'' AND A.iddocumento=z.archivo_idarchivo {*filtrar_funcionario@funcionario*}', 'Busqueda avanzada de documentos'),
(9, 0, 12, 'lower(A.estado)<>''eliminado'' AND A.iddocumento=B.documento_iddocumento AND B.tarea_idtarea<>''-1'' AND B.entidad_identidad=1 {*filtro_funcionario@funcionario*} AND A.fecha>=TO_DATE((sysdate-7),''YYYY-MM-DD'')', 'Ultima semana'),
(10, 0, 13, 'lower(A.estado)<>''eliminado'' AND A.iddocumento=B.documento_iddocumento AND B.tarea_idtarea<>-1 AND B.entidad_identidad=1 {*filtro_funcionario@funcionario*} AND A.fecha>=TO_DATE(add_months(sysdate,-1),''DD/MM/YY'')', 'Ultimo mes'),
(21, 0, 26, 'B.documento_iddocumento=A.iddocumento AND lower(A.estado)<>''eliminado'' {*filtro_estado@activo*}', 'Hojas de vida activos'),
(12, 0, 15, '(lower(A.estado)<>''eliminado'') and (B.nombre not in(''BLOQUEADO'',''POR_APROBAR'') ) and ({*filtro_funcionario_historico@funcionario*}) and archivo_idarchivo=iddocumento', 'Bussqueda documento'),
(13, 7, 0, 'lower(a.estado)=''iniciado'' AND a.tipo_radicado=1', 'Pendientes entrada'),
(14, 8, 0, 'z.archivo_idarchivo IS NULL AND A.tipo_radicado = 1 AND lower(A.estado) = ''aprobado''', 'No transferidos'),
(15, 9, 0, 'a.tipo_radicado=1 AND lower(a.estado) in(''aprobado'')', 'En proceso'),
(63, NULL, 83, 'lower(A.estado)<>''eliminado'' AND Z.documento_iddocumento=A.iddocumento AND A.iddocumento=B.archivo_idarchivo {*filtrar_serie_buzon@funcionario*}', 'ft_radicacion_entrada'),
(16, 10, 0, 'lower(A.estado)=''iniciado'' AND A.tipo_radicado=2', 'Pendiente salida'),
(17, 11, 0, 'A.idfuncionario=D.funcionario_idfuncionario AND B.iddependencia=D.dependencia_iddependencia AND C.idcargo=D.cargo_idcargo', 'Roles'),
(18, 13, 0, 'a.tipo_radicado=2 and lower(a.estado)<>''eliminado'' AND lower(a.estado)<>''activo''', 'Tramitados'),
(19, 5, 0, 'lower(A.estado)<>''eliminado'' {*filtro_consulta@iddocumento*} ', 'Proceso'),
(20, 0, 25, 'B.documento_iddocumento=A.iddocumento AND lower(A.estado)<>''eliminado''', 'Hojas de vida'),
(22, 0, 26, 'B.documento_iddocumento=A.iddocumento AND lower(A.estado)<>''eliminado'' {*filtro_estado@activo*}', 'Hojas de vida activas'),
(23, 0, 27, 'B.documento_iddocumento=A.iddocumento AND lower(A.estado)<>''eliminado'' {*filtro_estado@retirado*}', 'Hojas de vida retirados'),
(24, 0, 28, 'B.documento_iddocumento=A.iddocumento AND lower(A.estado)<>''eliminado'' {*filtro_estado@jubilado*}', 'Hojas de vida jubilados'),
(42, 0, 61, 'lower(A.estado)<>''eliminado'' AND Z.documento_iddocumento=A.iddocumento AND A.iddocumento=B.archivo_idarchivo {*filtrar_serie_buzon@funcionario*}', 'ft_hoja_vida'),
(64, 20, NULL, 'A.idbusqueda=B.busqueda_idbusqueda', 'Listado componentes'),
(65, 21, NULL, 'A.funcionario_codigo=B.funcionario_codigo', 'Evento'),
(66, NULL, 88, '(lower(a.estado)=''activo'') AND (a.activa_admin=''1'')', 'Activar documentos'),
(67, 24, NULL, 'b.documento_iddocumento=a.iddocumento AND b.prioridad=1 AND c.llave_entidad={*filtrar_funcionario@funcionario*} AND c.documento_iddocumento=a.iddocumento AND lower(a.estado) NOT IN(''eliminado'')', 'documentos importantes'),
(68, 25, NULL, 'ejecutor={*filtro_funcionario_borrador@funcionario*} AND lower(estado)=''activo'' AND numero=''0''', 'borradores'),
(69, 26, NULL, 'lower(a.estado)=''anulado''', 'documentos anulados'),
(70, 27, NULL, 'lower(a.estado) NOT IN(''eliminado'')', 'todos documentos'),
(71, NULL, 97, 'Y.documento_iddocumento=A.iddocumento AND {*filtrar_serie_buzon@funcionario*}', 'ft_proceso');

INSERT INTO categoria_formato (idcategoria_formato, nombre, cod_padre, estado) VALUES
(1, 'Radicacion', NULL, 1),
(2, 'Formatos', 0, 1);

INSERT INTO funcionario (idfuncionario, funcionario_codigo, login, nombres, apellidos, firma, estado, fecha_ingreso, clave, nit, perfil, debe_firmar, tipo, ultimo_pwd, mensajeria, email, sistema, email_contrasena, direccion, telefono) VALUES
(1, 9, 'cerok', 'Cero', 'K', NULL, 1, '2009-11-12 21:00:00', 'cerok_saia421_5', NULL, 1, 1, '0', '0000-00-00 00:00:00', '', 'mauricio.orrego@cerok.com', 1, '1088287018', NULL, NULL),
(2, 1, 'radicador_salida', 'Radicador', 'Salida', NULL, 1, '2012-11-02 00:00:00', '123', NULL, 6, 0, '1', '0000-00-00 00:00:00', '', NULL, 0, NULL, NULL, NULL);

INSERT INTO cargo (idcargo, nombre, cod_padre, estado, codigo_cargo, tipo) VALUES
(1, 'Administrador', 0, 1, NULL, 1);

INSERT INTO dependencia (iddependencia, codigo, nombre, fecha_ingreso, cod_padre, tipo, estado, codigo_tabla, extension, ubicacion_dependencia, logo) VALUES
(1, NULL, 'Nombre empresa', '2012-11-02 05:35:51', NULL, 1, 1, NULL, NULL, NULL, NULL);

INSERT INTO dependencia_cargo (funcionario_idfuncionario, dependencia_iddependencia, cargo_idcargo, estado, fecha_inicial, fecha_final, fecha_ingreso, tipo) VALUES
(1, 1, 1, 1, '2012-11-02 00:00:00', '2012-11-02 00:00:00', '2012-11-02 16:55:45', 1);

INSERT INTO diagram (id, hash, title, description, publico, createdDate, lastUpdate, tamano) VALUES
(1, 'IFpGGJ', 'Radicacion de entrada', 'Proceso de radicaci&oacute;n de entrada', 1, '2012-11-16 22:39:22', '2012-11-21 18:00:34', 87699);

INSERT INTO diagramdata (diagramId, type, fileName, fileSize, lastUpdate) VALUES
(1, 'dia', '1.dia', 87699, '2012-11-21 18:01:01'),
(1, 'svg', '1.svg', 4849, '2012-11-21 18:01:01');

INSERT INTO diagram_history (ruta_imagen, fecha, responsable, diagram_iddiagram) VALUES
('../diagramas/1_50ad67028c3e2.jpg', '2012-11-21 01:00:35', 1, 1);

INSERT INTO paso (idpaso, descripcion, responsable, nombre_paso, estado, idfigura, diagram_iddiagram, posicion, plazo_paso) VALUES
(1, '', '', '1.Recibir', 1, 2, 1, '169,29,259.7839387563005,74', '24@24'),
(2, '', '', '2.Llenar datos', 1, 3, 1, '300,29,393.7664222016941,74', '24@24'),
(3, '', '', '3.Transferir', 1, 4, 1, '300,104,394.56821901317574,149', '24@24');

INSERT INTO paso_actividad (idpaso_actividad, descripcion, restrictivo, estado, paso_idpaso, orden, tipo, entidad_identidad, llave_entidad, paso_objeto_idpaso_objeto, accion_idaccion, formato_idformato, plazo, tipo_plazo) VALUES
(1, 'Recibir la correspondencia', 1, 1, 1, 0, 1, 2, '1,2', NULL, 1, NULL, 24, 'hour'),
(2, 'Llenar datos del formato', 1, 1, 2, 0, 1, 2, '1,2', NULL, 10, NULL, 24, 'hour'),
(3, 'Transferir al responsable', 1, 1, 3, 0, 1, 2, '1,2', NULL, 9, NULL, 24, 'hour');

INSERT INTO paso_enlace (idpaso_enlace, origen, destino, diagram_iddiagram, idconector) VALUES
(1, '-1', 1, 1, 5),
(2, '1', 2, 1, 6),
(3, '2', 3, 1, 7),
(4, '3', -2, 1, 8);

INSERT INTO user_workflow (id, account, email, password, name, createdDate, lastLoginDate, lastLoginIP, lastBrowserType) VALUES
(3, 'usuario', 'usuario', 'usuario', NULL, '2011-06-09 22:32:26', '2012-05-10 20:50:59', '127.0.0.1', 'Mozilla/5.0 (X11; Ubuntu; Linux x86_64; rv:12.0) Gecko/20100101 Firefox/12.0');

INSERT INTO userdiagram (userId, diagramId, invitedDate, acceptedDate, status, nivel) VALUES
(3, 1, '2012-11-16 22:39:22', '2012-11-16 22:39:22', 'accepted', 'author');

INSERT INTO funciones_paso (idfunciones_paso, nombre, parametros, libreria) VALUES
(1, 'adicionar', '', 'funciones_acciones_paso.php'),
(2, 'responder', '', 'funciones_acciones_paso.php');

INSERT INTO funciones_paso_accion (idfunciones_paso_accion, accion_idaccion, paso_idfunciones_paso) VALUES
(1, 1, 1),
(2, 6, 2);

INSERT INTO tarea (idtarea, nombre, fecha, tiempo_respuesta, descripcion, reprograma, tipo_reprograma) VALUES
(1, 'FESTIVO', NULL, 0, 'Bloqueo de tipo festivo', 0, NULL),
(2, 'BUZON_PENDIENTE', NULL, 0, 'Tarea para mostrar listado de documentos pendientes en los buzones', NULL, NULL);

