INSERT INTO configuracion (idconfiguracion, nombre, valor, tipo, fecha) VALUES
(1, 'ruta_servidor', '/*ip_servidor= 54.243.145.181 */', 'ruta', '2007-04-08 20:00:00'),
(2, 'ruta_ftp', '/*ruta a saia= opav/saia/temporal */', 'ruta', '2007-04-08 20:00:00'),
(3, 'ruta_temporal', 'temporal', 'ruta', '2007-04-09 15:33:52'),
(4, 'ruta_documentos', 'documentos', 'ruta', '2007-04-09 15:33:59'),
(5, 'copia', '0', 'ruta', '2007-04-09 15:34:07'),
(7, 'ancho_imagen', '935', 'imagen', '2007-04-08 20:00:00'),
(8, 'alto_imagen', '1125', 'imagen', '2007-04-08 20:00:00'),
(9, 'ancho_miniatura', '90', 'imagen', '2007-04-09 15:34:28'),
(10, 'alto_miniatura', '120', 'imagen', '2007-04-09 15:34:34'),
(11, 'clave_ftp', '/*clave ftp servidor*/', 'clave', '2007-06-21 12:13:08'),
(12, 'usuario_ftp', '/*usuario ftp servidor*/', 'usuario', '2007-04-08 20:00:00'),
(14, 'login_administrador', 'cerok', 'usuario', '2007-04-04 20:00:00'),
(15, 'clave_administrador', 'cerok_saia421_5', 'clave', '2007-04-05 09:49:17'),
(16, 'colilla', '1', 'impresion', '2007-04-09 16:53:12'),
(17, 'color_encabezado', '#57B0DE', 'color', '2007-04-30 20:00:00'),
(18, 'tamanio_maximo_upload', '100000', 'peso', '2007-05-01 10:57:41'),
(19, 'dias_retraso', '2', 'fecha', '2007-05-17 06:04:38'),
(20, 'color_leido', '#FFFF66', 'color', '2007-05-17 06:04:38'),
(21, 'color_aprobado', '#99FF66', 'color', '2007-05-17 06:04:38'),
(22, 'color_revisado', '#99FF66', 'color', '2007-05-17 06:04:38'),
(23, 'color_pendiente', '#FFFF66', 'color', '2007-05-17 06:04:38'),
(24, 'color_terminado', '#99FF66', 'color', '2007-05-17 06:04:38'),
(25, 'color_atrasado', '#FF3333', 'color', '2007-05-17 06:04:38'),
(26, 'color_urgente', '#FFFF66', 'color', '2007-05-17 07:11:24'),
(30, 'nombre', 'SAIA BASE CERO K', 'empresa', '2007-06-06 10:49:46'),
(31, 'logo', 'imagenes/logo_energia.png', 'empresa', '2007-06-06 10:49:46'),
(32, 'dias_correo_pendientes', '7', 'pendientes', '2007-06-10 20:00:00'),
(33, 'fecha_correo_pendientes', '2009-07-14', 'pendientes', '2007-06-10 20:00:00'),
(34, 'enviar_correo_pendientes', '1', 'pendientes', '2007-06-10 20:00:00'),
(35, 'extensiones_upload', 'jpg,gif,doc,ppt,xls,txt,pdf,docx,pptx,pps,xlsx,csv', 'archivo', '2007-06-29 20:00:00'),
(36, 'radicador_salida', 'radicador_salida', 'persona', '2007-07-09 20:00:00'),
(40, 'logo_plantilla', './imagenes/logo_energia.png', 'imagen', '2007-07-24 06:09:48'),
(41, 'align_plantilla', 'right', 'plantilla', '2007-07-24 12:58:10'),
(51, 'actualizacion_fin_anio', '2012-12-31', 'actualizacion', '2009-12-30 14:33:31'),
(43, 'mensajeria', '1', 'comunicacion', '0000-00-00 00:00:00'),
(44, 'max_transferencias', '1', 'comunicacion', '0000-00-00 00:00:00'),
(45, 'departamento', '/*departamento por defecto = 66*/', 'empresa', '0000-00-00 00:00:00'),
(46, 'ciudad', '/*ciudad por defecto = 658*/', 'empresa', '0000-00-00 00:00:00'),
(47, 'tipo_letra', 'Arial', 'plantilla', '0000-00-00 00:00:00'),
(48, 'servidor_correo', '/*servidor de correo = imap.gmail.com */', 'servidor', '0000-00-00 00:00:00'),
(50, 'tipo_almacenamiento', 'archivo', 'archivo', '0000-00-00 00:00:00'),
(54, 'inicio_actualizacion', '2012-01-01 11:57:35', '', '2011-01-01 09:04:10'),
(55, 'fin_actualizacion', '2011-01-01 12:05:31', '', '2011-01-01 09:05:31'),
(56, 'cambio_password', '1', 'empresa', '2011-02-05 07:02:01'),
(59, 'puerto_servidor_correo', '/*Puerto del servidor de correo = 993 */', 'correo', '2011-07-19 07:30:56'),
(60, 'puerto_correo_salida', '/*puerto del servidor de correo de salida = 465 */', 'correo', '2011-08-10 05:07:58'),
(61, 'servidor_correo_salida', '/*Servidor de correo de salida = imap.gmail.com */', 'correo', '2011-08-10 06:31:03'),
(62, 'fin_actualizacion', '2012-01-01 11:57:41', '', '2012-01-01 08:57:41'),
(63, 'flujo', '/*Aplicacion para exportar flujos = imagemagick o batik */', 'export_imagen', '2012-02-21 21:02:40'),
(65, 'pagina_inicio', 'pantallas/buscador_principal.php?idbusqueda=3', 'empresa', '2010-03-15 05:21:54');


INSERT INTO formato (idformato, nombre, etiqueta, cod_padre, contador_idcontador, nombre_tabla, ruta_mostrar, ruta_editar, ruta_adicionar, librerias, estilos, javascript, encabezado, cuerpo, pie_pagina, margenes, orientacion, papel, exportar, funcionario_idfuncionario, fecha, mostrar, imagen, detalle, tipo_edicion, item, serie_idserie, ayuda, font_size, banderas, tiempo_autoguardado, mostrar_pdf, orden, enter2tab, firma_digital, fk_categoria_formato, flujo_idflujo, funcion_predeterminada) VALUES
(1, 'carta', 'Carta', 0, 2, 'ft_carta', 'mostrar_carta.php', 'editar_carta.php', 'adicionar_carta.php', NULL, '', '', '1', '<table style="width: 100%;" border="0" cellspacing="0">\r\n<tbody>\r\n<tr>\r\n<td colspan="2">{*ciudad*}, {*mostrar_fecha*}<br /><br /><br /></td>\r\n</tr>\r\n<tr>\r\n<td colspan="2">{*mostrar_destinos*}<br /><br /><br /><br /></td>\r\n</tr>\r\n<tr>\r\n<td colspan="2">Asunto: {*asunto*}<br /><br /></td>\r\n</tr>\r\n<tr>\r\n<td colspan="2"><br />{*contenido*}<br /><br /></td>\r\n</tr>\r\n<tr>\r\n<td colspan="2"><br />{*despedida*}</td>\r\n</tr>\r\n<tr>\r\n<td colspan="2">{*mostrar_estado_proceso*}</td>\r\n</tr>\r\n<tr>\r\n<td colspan="2">{*mostrar_anexos_memo*}</td>\r\n</tr>\r\n<tr>\r\n<td colspan="2">{*mostrar_copias_carta*}</td>\r\n</tr>\r\n<tr>\r\n<td colspan="2"><br /><br />{*iniciales*}</td>\r\n</tr>\r\n</tbody>\r\n</table>', '', '20,15,40,19', '0', 'Letter', 'pdf', 1, '2012-11-30 22:05:25', '1', '', '0', 0, '0', 5, '', '12', 'l', '300000', 1, 0, 0, 0, '', 0, '1'),
(2, 'memorando', 'Memorando', 0, 4, 'ft_memorando', 'mostrar_memorando.php', 'editar_memorando.php', 'adicionar_memorando.php', NULL, '', '', '1', '<table border="0" width="100%"> <tr> <td style="text-align: center;" colspan="2"><strong><br />&nbsp;<br /><br />MEMORANDO<br /><br /><br /></strong></td> </tr> <tr> <td colspan="2">{*ciudad*}, {*mostrar_fecha*}<br /><br /><br /><br /><br /></td> </tr> <tr> <td width="20%" valign="top"><strong>PARA:</strong></td> <td>{*lista_destinos*}</td> </tr> <tr> <td valign="top"><strong>DE:</strong></td> <td>{*mostrar_origen*}</td> </tr> <tr> <td valign="top"><strong>ASUNTO:</strong></td> <td>{*asunto*}</td> </tr> <tr> <td colspan="2"><br /><br />{*contenido*}</td> </tr> <tr> <td colspan="2"> <p><br /><br />{*despedida*}</p> </td> </tr> <tr> <td colspan="2">{*mostrar_estado_proceso*}</td> </tr> <tr> <td colspan="2"> <p><br />{*mostrar_anexos_memo*}</p> <p>{*mostrar_copias_memo*}</p> </td> </tr> <tr> <td colspan="2">{*iniciales*}</td> </tr> </table>', '', '15,20,40,18', '0', 'Letter', 'pdf', 1, '2012-11-02 15:21:26', '1', '', '0', 0, '0', 1, 'Documento informativo de comunicaci&oacute;n interna', '12', 'm', '300000', 1, 0, 0, 0, '', 0, ''),
(3, 'radicacion_entrada', 'Entrada', 0, 1, 'ft_radicacion_entrada', 'mostrar_radicacion_entrada.php', 'editar_radicacion_entrada.php', 'adicionar_radicacion_entrada.php', NULL, '', '', '1', '<p>{*llenar_datos_funcion*}</p><table style="width: 100%; border-collapse: collapse; font-size: 10pt;" border="1">\r\n<tbody>\r\n<tr>\r\n<td style="width: 20%;"><strong>Fecha de radicaci&oacute;n:</strong></td>\r\n<td>{*mostrar_fecha*}</td>\r\n<td style="width: 20%;"><strong>N&uacute;mero de radicado:</strong></td>\r\n<td>{*formato_numero*}&nbsp;</td>\r\n</tr>\r\n<tr>\r\n<td><strong>Tipo de documento:</strong></td>\r\n<td>{*serie_idserie*}</td>\r\n<td><strong>Fecha de oficio entrante:</strong></td>\r\n<td>{*fecha_oficio_entrada*}</td>\r\n</tr>\r\n<tr>\r\n<td><strong>N&uacute;mero de oficio entrante:</strong></td>\r\n<td colspan="3">{*numero_oficio*}&nbsp;&nbsp;</td>\r\n</tr>\r\n<tr>\r\n<td><strong>Persona natural o jur&iacute;dica:</strong></td>\r\n<td colspan="3">{*persona_natural*}&nbsp;&nbsp;</td>\r\n</tr>\r\n<tr>\r\n<td><strong>Descripci&oacute;n o asunto:</strong></td>\r\n<td>{*descripcion*}</td>\r\n<td><strong>Tiempo de respuesta (dias):</strong></td>\r\n<td>{*tiempo_respuesta*}</td>\r\n</tr>\r\n<tr>\r\n<td><strong>Anexos f&iacute;sicos:</strong></td>\r\n<td>{*anexos_fisicos*}</td>\r\n<td><strong>Descripci&oacute;n de anexos f&iacute;sicos:</strong></td>\r\n<td>{*descripcion_anexos*}</td>\r\n</tr>\r\n<tr>\r\n<td><strong>Anexos digitales:</strong></td>\r\n<td colspan="3">{*anexos_digitales*}&nbsp;&nbsp;</td>\r\n</tr>\r\n<tr>\r\n<td><strong>Destino:</strong></td>\r\n<td>{*destino*}</td>\r\n<td><strong>Copia a:</strong></td>\r\n<td>{*copia_a*}</td>\r\n</tr>\r\n<tr>\r\n<td colspan="4">{*mostrar_estado_proceso*}<strong></strong></td>\r\n</tr>\r\n</tbody>\r\n</table>', '', '15,20,30,20', '0', 'Letter', NULL, 533, '2012-11-21 17:08:23', '0', '', '0', 0, '0', 3, '', '12', 'e', '300000', 0, 0, 0, 0, '1', 1, ''),
(191, 'vision_calidad', '2. Visi&oacute;n', 0, 9, 'ft_vision_calidad', 'mostrar_vision_calidad.php', 'editar_vision_calidad.php', 'adicionar_vision_calidad.php', NULL, NULL, NULL, '', '', '', '15,20,30,20', '0', 'Letter', 'pdf', 1, '2012-11-19 16:34:31', '0', NULL, '0', 0, '0', 9, NULL, '12', 'm', '300000', 1, NULL, 0, 0, '', 0, ''),
(190, 'mision_calidad', '1. Misi&oacute;n', 0, 10, 'ft_mision_calidad', 'mostrar_mision_calidad.php', 'editar_mision_calidad.php', 'adicionar_mision_calidad.php', NULL, NULL, NULL, '', '', '', '15,20,30,20', '0', 'Letter', 'pdf', 1, '2012-11-19 16:34:36', '0', NULL, '0', 0, '0', 10, NULL, '12', 'm', '300000', 1, NULL, 0, 0, '', 0, ''),
(192, 'politica_calidad', '3. Pol&iacute;tica de Calidad', 0, 11, 'ft_politica_calidad', 'mostrar_politica_calidad.php', 'editar_politica_calidad.php', 'adicionar_politica_calidad.php', NULL, NULL, NULL, '', '', '', '15,20,30,20', '0', 'Letter', 'pdf', 1, '2012-11-19 16:34:42', '0', NULL, '0', 0, '0', 11, NULL, '12', 'm', '300000', 1, NULL, 0, 0, '', 0, ''),
(193, 'objetivos_calidad', '4. Objetivos de Calidad', 0, 12, 'ft_objetivos_calidad', 'mostrar_objetivos_calidad.php', 'editar_objetivos_calidad.php', 'adicionar_objetivos_calidad.php', NULL, NULL, NULL, '', '', '', '15,20,30,20', '0', 'Letter', 'pdf', 1, '2012-11-19 16:34:48', '0', NULL, '0', 0, '0', 12, NULL, '12', 'm', '300000', 1, NULL, 0, 0, '', 0, ''),
(194, 'proceso', '5. MAPA DE PROCESOS', 0, 8, 'ft_proceso', 'mostrar_proceso.php', 'editar_proceso.php', 'adicionar_proceso.php', NULL, NULL, NULL, '2', '<table style="font-family: arial; width: 100%; border-collapse: collapse;" border="1" cellspacing="0">\r\n<tbody>\r\n<tr>\r\n<td valign="top"><strong>L&iacute;der del proceso: {*lider_proceso*}</strong></td>\r\n</tr>\r\n<tr>\r\n<td class="encabezado" style="text-align: center;" valign="top">Descripcion<strong></strong></td>\r\n</tr>\r\n<tr>\r\n<td style="text-align: left;" valign="top">{*descripcion*}</td>\r\n</tr>\r\n<tr>\r\n<td class="encabezado" style="text-align: center; border: #000000 1px solid;">Objetivo del Proceso</td>\r\n</tr>\r\n<tr>\r\n<td>{*objetivo*}</td>\r\n</tr>\r\n<tr>\r\n<td class="encabezado" style="text-align: center; border: #000000 1px solid;">Pol&iacute;tica de Operaci&oacute;n</td>\r\n</tr>\r\n<tr>\r\n<td>{*politica_operacion*}</td>\r\n</tr>\r\n<tr>\r\n<td>{*listar_politicas*}</td>\r\n</tr>\r\n<tr>\r\n<td class="celda_transparente" style="border-width: 1px; border-style: solid; -moz-border-top-colors: none; -moz-border-right-colors: none; -moz-border-bottom-colors: none; -moz-border-left-colors: none; -moz-border-image: none;">Anexos: <br />{*anexos*}</td>\r\n</tr>\r\n<tr>\r\n<td>Estado: {*estado*}</td>\r\n</tr>\r\n</tbody>\r\n</table>\r\n<p>{*mostrar_estado_proceso*}</p>', '', '15,20,30,20', '0', 'Letter', 'pdf', 1, '2012-11-19 16:48:21', '1', NULL, '0', 1, '0', 8, NULL, '12', 'e', '300000', 0, NULL, 0, 0, '', 0, ''),
(196, 'caracterizacion', '1. Caracterizaci&oacute;n', 194, 13, 'ft_caracterizacion', 'mostrar_caracterizacion.php', 'editar_caracterizacion.php', 'adicionar_caracterizacion.php', NULL, NULL, NULL, '2', '<table style="font-family: arial; border-collapse: collapse; width: 100%;" border="1">\r\n<tbody>\r\n<tr>\r\n<td class="encabezado" valign="top">Descripci&oacute;n</td>\r\n<td>{*descripcion*}</td>\r\n</tr>\r\n<tr>\r\n<td class="encabezado" valign="top">Anexos</td>\r\n<td>{*anexos*}</td>\r\n</tr>\r\n<tr>\r\n<td class="encabezado" valign="top">Estado</td>\r\n<td>{*estado*}</td>\r\n</tr>\r\n</tbody>\r\n</table>\r\n<p>{*mostrar_estado_proceso*}</p>', '', '15,20,30,20', '0', 'Letter', 'pdf', 1, '2012-11-19 16:47:23', '1', NULL, '1', 1, '0', 13, NULL, '12', 'e', '300000', 0, NULL, 0, 0, '', 0, ''),
(200, 'procedimientos', '2. Procedimientos', 194, 14, 'ft_procedimientos', 'mostrar_procedimientos.php', 'editar_procedimientos.php', 'adicionar_procedimientos.php', NULL, NULL, NULL, '2', '<table style="border-collapse: collapse; font-family: arial; width: 100%;" border="1">\r\n<tbody>\r\n<tr>\r\n<td class="encabezado" valign="top">Descripci&oacute;n</td>\r\n<td>{*descripcion*}</td>\r\n</tr>\r\n<tr>\r\n<td class="encabezado" valign="top">Anexos</td>\r\n<td>{*anexos*}</td>\r\n</tr>\r\n<tr>\r\n<td class="encabezado" valign="top">Estado</td>\r\n<td>{*estado*}</td>\r\n</tr>\r\n</tbody>\r\n</table>\r\n<p>{*mostrar_estado_proceso*}</p>', '', '15,20,30,20', '0', 'Letter', 'pdf', 1, '2012-11-19 16:46:10', '1', NULL, '1', 1, '0', 14, NULL, '12', 'e', '300000', 0, NULL, 0, 0, '', 0, ''),
(201, 'formatos_proceso', '3. Formatos', 194, 15, 'ft_formatos_proceso', 'mostrar_formatos_proceso.php', 'editar_formatos_proceso.php', 'adicionar_formatos_proceso.php', NULL, NULL, NULL, '2', '<table style="border-collapse: collapse; font-family: arial; width: 100%;" border="1">\r\n<tbody>\r\n<tr>\r\n<td class="encabezado" valign="top">Descripci&oacute;n</td>\r\n<td>{*descripcion*}</td>\r\n</tr>\r\n<tr>\r\n<td class="encabezado" valign="top">Anexos</td>\r\n<td>{*anexos*}</td>\r\n</tr>\r\n<tr>\r\n<td class="encabezado" valign="top">Estado</td>\r\n<td>{*estado*}</td>\r\n</tr>\r\n</tbody>\r\n</table>\r\n<p>{*mostrar_estado_proceso*}</p>', '', '15,20,30,20', '0', 'Letter', 'pdf', 1, '2012-11-19 16:45:37', '1', NULL, '1', 1, '0', 15, NULL, '12', 'e', '300000', 0, NULL, 0, 0, '', 0, ''),
(202, 'indicadores', '4. Indicadores', 194, 16, 'ft_indicadores', 'mostrar_indicadores.php', 'editar_indicadores.php', 'adicionar_indicadores.php', NULL, NULL, NULL, '2', '<table style="font-family: arial; border-collapse: collapse; width: 100%;" border="1">\r\n<tbody>\r\n<tr>\r\n<td class="encabezado" valign="top">Descripci&oacute;n</td>\r\n<td>{*descripcion*}</td>\r\n</tr>\r\n<tr>\r\n<td class="encabezado" valign="top">Anexos</td>\r\n<td>{*anexos*}</td>\r\n</tr>\r\n<tr>\r\n<td class="encabezado" valign="top">Estado</td>\r\n<td>{*estado*}</td>\r\n</tr>\r\n</tbody>\r\n</table>\r\n<p>{*mostrar_estado_proceso*}</p>', '', '15,20,30,20', '0', 'Letter', 'pdf', 1, '2012-11-19 16:45:03', '1', NULL, '1', 1, '0', 16, NULL, '12', 'e', '300000', 0, NULL, 0, 0, '', 0, ''),
(203, 'instructivos', '5. Instructivos', 194, 17, 'ft_instructivos', 'mostrar_instructivos.php', 'editar_instructivos.php', 'adicionar_instructivos.php', NULL, NULL, NULL, '2', '<table style="border-collapse: collapse; font-family: arial; width: 100%;" border="1">\r\n<tbody>\r\n<tr>\r\n<td class="encabezado" valign="top">Descripci&oacute;n</td>\r\n<td>{*descripcion*}</td>\r\n</tr>\r\n<tr>\r\n<td class="encabezado" valign="top">Anexos</td>\r\n<td>{*anexos*}</td>\r\n</tr>\r\n<tr>\r\n<td class="encabezado" valign="top">Estado</td>\r\n<td>{*estado*}</td>\r\n</tr>\r\n</tbody>\r\n</table>\r\n<p>{*mostrar_estado_proceso*}</p>', '', '15,20,30,20', '0', 'Letter', 'pdf', 1, '2012-11-19 16:44:22', '1', NULL, '1', 1, '0', 17, NULL, '12', 'e', '300000', 0, NULL, 0, 0, '', 0, ''),
(204, 'guias', '6. Gu&iacute;as', 194, 18, 'ft_guias', 'mostrar_guias.php', 'editar_guias.php', 'adicionar_guias.php', NULL, NULL, NULL, '2', '<table style="border-collapse: collapse; font-family: arial; width: 100%;" border="1">\r\n<tbody>\r\n<tr>\r\n<td class="encabezado" valign="top">Descripci&oacute;n</td>\r\n<td>{*descripcion*}</td>\r\n</tr>\r\n<tr>\r\n<td class="encabezado" valign="top">Anexos</td>\r\n<td>{*anexos*}</td>\r\n</tr>\r\n<tr>\r\n<td class="encabezado" valign="top">Estado</td>\r\n<td>{*estado*}</td>\r\n</tr>\r\n</tbody>\r\n</table>\r\n<p>{*mostrar_estado_proceso*}</p>', '', '15,20,30,20', '0', 'Letter', 'pdf', 1, '2012-11-19 16:42:50', '1', NULL, '1', 1, '0', 18, NULL, '12', 'e', '300000', 0, NULL, 0, 0, '', 0, ''),
(205, 'manuales', '7. Manuales', 194, 19, 'ft_manuales', 'mostrar_manuales.php', 'editar_manuales.php', 'adicionar_manuales.php', NULL, NULL, NULL, '2', '<table style="border-collapse: collapse; font-family: arial; width: 100%;" border="1">\r\n<tbody>\r\n<tr>\r\n<td class="encabezado" valign="top">Descripci&oacute;n</td>\r\n<td>{*descripcion*}</td>\r\n</tr>\r\n<tr>\r\n<td class="encabezado" valign="top">Anexos</td>\r\n<td>{*anexos*}</td>\r\n</tr>\r\n<tr>\r\n<td class="encabezado" valign="top">Estado</td>\r\n<td>{*estado*}</td>\r\n</tr>\r\n</tbody>\r\n</table>\r\n<p>{*mostrar_estado_proceso*}</p>', '', '15,20,30,20', '0', 'Letter', 'pdf', 1, '2012-11-19 16:43:45', '1', NULL, '1', 1, '0', 19, NULL, '12', 'e', '300000', 0, NULL, 0, 0, '', 0, ''),
(206, 'otros', '8. Otros', 194, 20, 'ft_otros', 'mostrar_otros.php', 'editar_otros.php', 'adicionar_otros.php', NULL, NULL, NULL, '2', '<table style="border-collapse: collapse; font-family: arial; width: 100%;" border="1">\r\n<tbody>\r\n<tr>\r\n<td class="encabezado" valign="top">Descripci&oacute;n</td>\r\n<td>{*descripcion*}</td>\r\n</tr>\r\n<tr>\r\n<td class="encabezado" valign="top">Anexos</td>\r\n<td>{*anexos*}</td>\r\n</tr>\r\n<tr>\r\n<td class="encabezado" valign="top">Estado</td>\r\n<td>{*estado*}</td>\r\n</tr>\r\n</tbody>\r\n</table>\r\n<p>{*mostrar_estado_proceso*}</p>', '', '15,20,30,20', '0', 'Letter', 'pdf', 1, '2012-11-19 16:43:16', '1', NULL, '1', 1, '0', 20, NULL, '12', 'e', '300000', 0, NULL, 0, 0, '', 0, '');

INSERT INTO accion (idaccion, nombre, ruta, funcion, parametros, descripcion, boton, modulo_idmodulo) VALUES
(7, 'confirmar', 'class_transferencia.php', 'aprobar', '$iddoc,$url', '\ABClase\BB\ABNombre\BBaprobar\ABParametros\BB$iddoc-id del documento en proceso\ABResponsabilidades\BBpara el proceso de recoleccion de firmas (aprobacion de la plantilla)\ABNotas\BB\ABExcepciones\BBsi el usuario no es el siguiente por aprobar muestra un mensaje de error\ABSalida\BB\ABPre-condiciones\BB\ABPost-condiciones\BBcambia el estado del nodo de POR_APROBAR a APROBADO, si es el ultimo por aprobarcambia el estado del documento a APROBADO', NULL, 0),
(1, 'adicionar', 'class_transferencia.php', 'guardar_documento', '$iddoc,0', '\ABClase\BB\ABNombre\BBguardar_documento\ABParametros\BBiddoc-id del documento actual\ABResponsabilidades\BBguarda los datos de la plantilla en la tabla correspondiente (carta,certificado,memorando)\ABNotas\BB\ABExcepciones\BB\ABSalida\BB \ABPre-condiciones\BB\ABPost-condiciones\BB', NULL, 0),
(2, 'radicar', 'class_transferencia.php', 'radicar_plantilla', NULL, '\ABClase\BB\ABNombre\BBradicar_plantilla\ABParametros\BB\ABResponsabilidades\BBse encarga de radicar los documentos de tipo plantilla\ABNotas\BB\ABExcepciones\BB\ABSalida\BB \ABPre-condiciones\BB\ABPost-condiciones\BB', NULL, 0),
(3, 'aprobar', 'class_transferencia.php', 'aprobar', '$iddoc,$url', '\ABClase\BB\ABNombre\BBaprobar\ABParametros\BB$iddoc-id del documento en proceso\ABResponsabilidades\BBpara el proceso de recoleccion de firmas (aprobacion de la plantilla)\ABNotas\BB\ABExcepciones\BBsi el usuario no es el siguiente por aprobar muestra un mensaje de error\ABSalida\BB\ABPre-condiciones\BB\ABPost-condiciones\BBcambia el estado del nodo de POR_APROBAR a APROBADO, si es el ultimo por aprobarcambia el estado del documento a APROBADO', NULL, 0),
(4, 'devolver', 'class_transferencia.php', 'aprobar', NULL, '\ABClase\BB\ABNombre\BBdevolucion\ABParametros\BB\ABResponsabilidades\BBse encarga de devolver el documento a quien corresponda\ABNotas\BB \ABExcepciones\BB\ABSalida\BB \ABPre-condiciones\BB\ABPost-condiciones\BB', NULL, 0),
(5, 'editar', 'class_transferencia.php', 'guardar_documento', '$iddoc,1', '\ABClase\BB\ABNombre\BBguardar_documento\ABParametros\BBiddoc-id del documento actual, tipo 0 cuando adiciona 1 cuando edita\ABResponsabilidades\BBguarda los datos de la plantilla en la tabla correspondiente (carta,certificado,memorando)\ABNotas\BB\ABExcepciones\BB\ABSalida\BB \ABPre-condiciones\BB\ABPost-condiciones\BB', NULL, 0),
(6, 'responder', 'class_transferencia.php', 'radicar_plantilla', NULL, 'deberia ser una funcion pero no lo es asi que se debe relacionar con la redicacion de la plantilla\ABClase\BB\ABNombre\BBresponder\ABParametros\BB\ABResponsabilidades\BBse encarga de enlazar el documento original con su respectiva respuesta\ABNotas\BB\ABExcepciones\BB\ABSalida\BBdocumento asociado por medio de una transferencia y un registro en la tabla respuesta\ABPre-condiciones\BBdebe existir un documento origen y el parametro anterior ser recibido como REQUEST\ABPost-condiciones\BBregistro adicionado en tabla respuesta', NULL, 0),
(8, 'ingresar', '../', 'ingresar', 'NULL', 'Ejecuta la funcion al ingresar al formato', NULL, 0),
(10, 'ir_documento', '', '', NULL, 'Accion del paso que lo lleva al documento relacionado', NULL, 0),
(9, 'transferir', 'class_transferencia.php', 'transferir_archivo_prueba', '$iddoc,$datos', 'Transfiere los documentos de un funcionario a otro ', NULL, 0),
(11, 'adicionar_anexo', 'trigger_base_datos', '', NULL, 'ejecuta el trigger adicionar_accion_anexo', NULL, 0),
(12, 'adicionar_pot_it', 'trigger_base_datos', '', NULL, 'ejecuta el trigger adicionar_accion_pot_it', NULL, 0);

INSERT INTO campos_formato (idcampos_formato, formato_idformato, nombre, etiqueta, tipo_dato, longitud, obligatoriedad, valor, acciones, ayuda, predeterminado, banderas, etiqueta_html, orden, mascara, adicionales, autoguardado, fila_visible) VALUES
(1, 1, 'contenido', 'Contenido', 'TEXT', '4000', 1, 'avanzado', 'a,e,b', '', '', '', 'textarea', 11, '', '', 1, 1),
(2, 1, 'copiainterna', 'Con Copia Interna A', 'TEXT', '2000', 0, '../../test.php;1;0;1;1;0;0', 'a,e,b', '', '', '', 'arbol', 13, '', '', 0, 1),
(3, 1, 'fecha_carta', 'Fecha de Creacion', 'DATE', '', 1, '{*fecha_formato*}', 'a,e', 'Fecha en la que fue Creada la Carta.', '', '', 'text', 7, '', '', 0, 1),
(4, 1, 'anexos_fisicos', 'Anexos fisicos', 'TEXT', '2000', 0, '{*anexos_fisicos*}', 'a,e', 'Listado con Los Anexos de la Carta', '', '', 'textarea', 17, '', '', 0, 1),
(5, 1, 'iniciales', 'Persona que Genera la Carta', 'VARCHAR', '255', 1, '{*iniciales*}', 'a,e', 'Persona que Genera la Carta ', '', '', 'hidden', 15, '', '', 0, 1),
(6, 1, 'copia', 'Con Copia A', 'TEXT', '2000', 0, 'multiple@nombre,identificacion@cargo,empresa,direccion,telefono,email,titulo,ciudad', 'a,e,b', 'Personas a quienes se les Envia Copia de la Carta', '', '', 'ejecutor', 9, '', '', 0, 1),
(7, 1, 'despedida', 'Despedida', 'VARCHAR', '255', 0, '{*despedida*}', 'a,e', 'Despedida de la Carta, Atentamente, Cordialmente, ...', '', '', 'text', 12, '', '', 0, 1),
(8, 1, 'serie_idserie', 'tipo de documento', 'INT', '11', 0, '../../test_serie_funcionario.php;2;0;1;1;0;1', 'a,e', '', '5', 'i', 'arbol', 6, '', '', 0, 1),
(9, 1, 'destinos', 'Destinos', 'TEXT', '2000', 1, 'multiple@nombre,identificacion@cargo,empresa,direccion,telefono,email,titulo,ciudad', 'a,e,b', '', '', '', 'ejecutor', 8, '', '', 0, 1),
(10, 1, 'asunto', 'Asunto', 'VARCHAR', '255', 1, '', 'a,e,p,b', '', '', '', 'text', 10, '', '', 0, 1),
(11, 1, 'anexos_digitales', 'anexos digitales', 'VARCHAR', '2000', 0, '', 'a,e,b', '', '', '', 'archivo', 16, '', '', 0, 1),
(12, 1, 'vercopiainterna', 'visible la copia interna', 'CHAR', '1', 1, '1,Si;0,No', 'a,e', '', '1', '', 'radio', 14, '', '', 0, 1),
(13, 1, 'dependencia', 'DEPENDENCIA', 'INT', '11', 1, '{*buscar_dependencia*}', 'a', '', '', 'i', 'hidden', 5, '', '', 0, 1),
(14, 1, 'encabezado', 'ENCABEZADO', 'INT', '11', 1, '', 'a,e', '', '1', 'i', 'hidden', 4, '', '', 0, 1),
(15, 1, 'firma', 'FIRMAS DIGITALES', 'INT', '11', 1, '', 'a,e', '', '1', 'i', 'hidden', 3, '', '', 0, 1),
(16, 1, 'documento_iddocumento', 'DOCUMENTO ASOCIADO', 'INT', '11', 1, '', 'a,e', '', '', 'i', 'hidden', 2, '', '', 0, 1),
(17, 1, 'idft_carta', 'CARTA', 'INT', '11', 1, '', 'a,e', '', '', 'ai,pk', 'hidden', 1, '', '', 0, 1),
(18, 1, 'varios_radicados', 'Asignar un n&Uacute;mero de radicado diferente para cada destino?', 'INT', '11', 1, '0,No;1,Si', 'a', 'Asignar un n&uacute;mero de radicado diferente para cada destino?', '0', '', 'radio', 18, '', '', 0, 1),
(19, 2, 'fecha_memorando', 'Fecha', 'DATETIME', '', 1, '{*fecha_formato*}', 'a,e', '', '', '', 'text', 6, '', '', 0, 1),
(20, 2, 'dependencia', 'Dependencia', 'INT', '11', 1, '{*buscar_dependencia*}', 'a', '', '', '', 'text', 5, '', '', 0, 1),
(21, 2, 'destino', 'Destino', 'TEXT', '2000', 1, '../../test.php;1;0;1;1;0;0', 'a,e,b', '', '', '', 'arbol', 9, '', '', 0, 1),
(22, 2, 'copia', 'Con Copia A', 'TEXT', '2000', 0, '../../test.php;1;0;1;1;0;0', 'a,e', '', '', '', 'arbol', 10, '', '', 0, 1),
(23, 2, 'asunto', 'Asunto', 'VARCHAR', '255', 1, '', 'a,e,p,b', '', '', '', 'text', 11, '', '', 0, 1),
(24, 2, 'contenido', 'Contenido', 'TEXT', '4000', 1, 'avanzado', 'a,e,b', '', '', '', 'textarea', 12, '', '', 0, 1),
(25, 2, 'despedida', 'Despedida', 'VARCHAR', '255', 1, '{*despedida*}', 'a,e', '', '', '', 'text', 13, '', '', 0, 1),
(26, 2, 'iniciales', 'INICIALES DE QUIEN PREPARO EL MEMORANDO', 'VARCHAR', '255', 1, '{*iniciales*}', 'a,e', '', '', '', 'text', 14, '', '', 0, 1),
(27, 2, 'anexos_fisicos', 'ANEXOS FISICOS', 'TEXT', '2000', 0, '{*anexos_fisicos*}', 'a,e', '', '', '', 'text', 16, '', '', 0, 1),
(28, 2, 'serie_idserie', 'Tipo de Documento', 'INT', '11', 0, '', 'a,e', '', '2596', '', 'hidden', 7, '', '', 0, 1),
(29, 2, 'documento_iddocumento', 'DOCUMENTO ASOCIADO', 'INT', '11', 1, '', 'a,e', '', '', 'i', 'hidden', 4, '', '', 0, 1),
(30, 2, 'encabezado', 'ENCABEZADO', 'INT', '11', 1, '', 'a,e', '', '1', 'i', 'hidden', 3, '', '', 0, 1),
(31, 2, 'firma', 'FIRMAS DIGITALES', 'INT', '11', 1, '', 'a,e', '', '1', 'i', 'hidden', 2, '', '', 0, 1),
(32, 2, 'anexos', 'anexos digitales', 'TEXT', '255', 0, '', 'a,e,b', 'Anexos digitales', '', '', 'archivo', 15, '', '', 0, 1),
(33, 2, 'idft_memorando', 'MEMORANDO', 'INT', '11', 1, '', 'a,e', '', '', 'ai,pk', 'hidden', 1, '', '', 0, 1),
(34, 2, 'origen', 'De', 'VARCHAR', '255', 0, '{*seleccionar_origen*}', 'e', '', '', '', 'text', 8, '', '', 0, 1),
(35, 3, 'fecha_oficio_entrada', 'FECHA DE OFICIO ENTRANTE', 'DATETIME', '', 0, '', 'a,e,b', '', '', '', 'fecha', 7, '', '', 0, 1),
(36, 3, 'numero_oficio', 'NUMERO DE OFICIO ENTRANTE', 'INT', '11', 0, NULL, 'a,e,b', NULL, NULL, NULL, 'text', 10, NULL, '', 0, 1),
(37, 3, 'persona_natural', 'PERSONA NATURAL/JURIDICA', 'VARCHAR', '255', 1, 'unico@nombre,identificacion@cargo,empresa,direccion,telefono,email,titulo,ciudad ', 'a,e,b', NULL, NULL, NULL, 'ejecutor', 11, NULL, '', 0, 1),
(38, 3, 'tiempo_respuesta', 'TIEMPO DE RESPUESTA (DIAS)', 'INT', '11', 0, '0@10@1@0 ', 'a,e,b', '', '', '', 'spin', 13, '', '', 0, 1),
(39, 3, 'descripcion', 'DESCRIPCION O ASUNTO', 'TEXT', '1000', 1, 'sin_tiny', 'a,e,p,d,b', NULL, NULL, NULL, 'textarea', 12, NULL, '', 0, 1),
(40, 3, 'anexos_fisicos', 'ANEXOS FISICOS', 'INT', '11', 0, '1,CD-ROM;2,DISKETE;3,DVD;4,DOCUMENTO;5,FAX;6,REVISTA O LIBRO;7,VIDEO;8,OTROS ANEXOS', 'a,e,b', '', '', '', 'select', 14, '', '', 0, 1),
(41, 3, 'descripcion_anexos', 'DESCRIPCION ANEXOS FISICOS', 'TEXT', '1000', 0, 'sin_tiny', 'a,e,b', NULL, NULL, NULL, 'textarea', 15, NULL, '', 0, 1),
(42, 3, 'anexos_digitales', 'ANEXOS DIGITALES', 'VARCHAR', '255', 0, 'xls|doc|pdf|jpg|docx|xlsx|png', 'a,e,b', '', '', '', 'archivo', 16, '', '', 0, 1),
(43, 3, 'destino', 'DESTINO', 'VARCHAR', '255', 1, '../../test.php?rol=1;1;0;1;1;0;5', 'a,e,b', '', '', '', 'arbol', 17, '', '', 0, 1),
(44, 3, 'copia_a', 'COPIA A', 'VARCHAR', '255', 0, '../../test.php?rol=1;1;0;1;1;0;5', 'a,e,b', '', '', '', 'arbol', 18, '', '', 0, 1),
(57, 5, 'ft_radicacion_entrada', 'prueba', 'INT', '11', 1, '3', 'a', 'Prueba', NULL, 'fk', 'detalle', 0, NULL, NULL, 0, 1),
(46, 3, 'idft_radicacion_entrada', 'RADICACION_ENTRADA', 'INT', '11', 1, '', 'a,e', '', '', 'ai,pk', 'hidden', 9, '', '', 0, 1),
(47, 3, 'documento_iddocumento', 'DOCUMENTO ASOCIADO', 'INT', '11', 1, '', 'a,e', '', '', 'i', 'hidden', 8, '', '', 0, 1),
(48, 3, 'dependencia', 'DEPENDENCIA DEL CREADOR DEL DOCUMENTO', 'INT', '11', 1, '{*buscar_dependencia*}', 'a,e', '', '', 'i', 'hidden', 1, '', '', 0, 1),
(49, 3, 'encabezado', 'ENCABEZADO', 'INT', '11', 1, '', 'a,e', '', '1', '', 'hidden', 3, '', '', 0, 1),
(50, 3, 'firma', 'FIRMAS DIGITALES', 'INT', '11', 1, '', 'a,e', '', '1', '', 'hidden', 2, '', '', 0, 1),
(51, 3, 'idflujo', 'Flujo', 'VARCHAR', '255', 0, 'Select id,title as nombre from diagram order by nombre', 'a,b', NULL, '1', NULL, 'select', 19, NULL, '', 0, 1),
(56, 3, 'estado_radicado', 'Estado documento', 'VARCHAR', '255', 0, NULL, 'a,e,b', '1:Aprobado\r\n2:Iniciado', '1', NULL, 'hidden', 0, NULL, NULL, 0, 1),
(52, 3, 'serie_idserie', 'TIPO DE DOCUMENTO', 'INT', '11', 0, '../../test_serie_funcionario.php;2;0;1;1;0;1', 'a', 'Radicacion entrada', '3', '', 'arbol', 6, '', '', 0, 1),
(53, 3, 'fecha_radicacion_entrada', 'FECHA DE RADICACION', 'DATETIME', NULL, 1, '{*fecha_formato*}', 'a,e,b', NULL, NULL, NULL, 'text', 4, NULL, '', 0, 1),
(54, 3, 'numero_radicado', 'NUMERO DE RADICADO', 'INT', '11', 0, '{*mostrar_radicado_entrada*}', 'a,b', NULL, NULL, NULL, 'text', 5, NULL, '', 0, 1),
(55, 4, 'serie_idserie', 'SERIE DOCUMENTAL', 'INT', '11', 1, NULL, 'a', 'Prueba', '2', 'fk', 'hidden', 0, NULL, NULL, 0, 1),
(1541, 190, 'serie_idserie', 'SERIE DOCUMENTAL', 'INT', '11', 1, NULL, 'a', '1. Misi&oacute;n', '10', 'fk', 'hidden', 0, NULL, NULL, 0, 1),
(58, 5, 'serie_idserie', 'SERIE DOCUMENTAL', 'INT', '11', 1, NULL, 'a', 'Prueba', '6', 'fk', 'hidden', 0, NULL, NULL, 0, 1),
(59, 5, 'idft_prueba', 'PRUEBA', 'INT', '11', 1, NULL, 'a,e', NULL, NULL, 'ai,pk', 'hidden', 0, NULL, NULL, 0, 1),
(60, 5, 'documento_iddocumento', 'DOCUMENTO ASOCIADO', 'INT', '11', 1, NULL, 'a,e', NULL, NULL, 'i', 'hidden', 0, NULL, NULL, 0, 1),
(61, 5, 'dependencia', 'DEPENDENCIA DEL CREADOR DEL DOCUMENTO', 'INT', '11', 1, '{*buscar_dependencia*}', 'a,e', NULL, NULL, 'i', 'hidden', 0, NULL, NULL, 0, 1),
(62, 5, 'encabezado', 'ENCABEZADO', 'INT', '11', 1, NULL, 'a,e', NULL, '1', NULL, 'hidden', 0, NULL, NULL, 0, 1),
(63, 5, 'firma', 'FIRMAS DIGITALES', 'INT', '11', 1, NULL, 'a,e', NULL, '1', '', 'hidden', 0, NULL, NULL, 0, 1),
(64, 6, 'ft_memorando', 'prueba', 'INT', '11', 1, '2', 'a', 'prueba', NULL, 'fk', 'detalle', 0, NULL, NULL, 0, 1),
(65, 6, 'serie_idserie', 'SERIE DOCUMENTAL', 'INT', '11', 1, NULL, 'a', 'prueba', '7', 'fk', 'hidden', 0, NULL, NULL, 0, 1),
(66, 6, 'idft_prueba', 'PRUEBA', 'INT', '11', 1, NULL, 'a,e', NULL, NULL, 'ai,pk', 'hidden', 0, NULL, NULL, 0, 1),
(67, 6, 'documento_iddocumento', 'DOCUMENTO ASOCIADO', 'INT', '11', 1, NULL, 'a,e', NULL, NULL, 'i', 'hidden', 0, NULL, NULL, 0, 1),
(68, 6, 'dependencia', 'DEPENDENCIA DEL CREADOR DEL DOCUMENTO', 'INT', '11', 1, '{*buscar_dependencia*}', 'a,e', NULL, NULL, 'i', 'hidden', 0, NULL, NULL, 0, 1),
(69, 6, 'encabezado', 'ENCABEZADO', 'INT', '11', 1, NULL, 'a,e', NULL, '1', NULL, 'hidden', 0, NULL, NULL, 0, 1),
(70, 6, 'firma', 'FIRMAS DIGITALES', 'INT', '11', 1, NULL, 'a,e', NULL, '1', '', 'hidden', 0, NULL, NULL, 0, 1),
(1542, 190, 'idft_mision_calidad', 'MISION_CALIDAD', 'INT', '11', 1, NULL, 'a,e', NULL, NULL, 'ai,pk', 'hidden', 0, NULL, NULL, 0, 1),
(1543, 190, 'documento_iddocumento', 'DOCUMENTO ASOCIADO', 'INT', '11', 1, NULL, 'a,e', NULL, NULL, 'i', 'hidden', 0, NULL, NULL, 0, 1),
(1544, 190, 'dependencia', 'DEPENDENCIA DEL CREADOR DEL DOCUMENTO', 'INT', '11', 1, '{*buscar_dependencia*}', 'a,e', NULL, NULL, 'i', 'hidden', 0, NULL, NULL, 0, 1),
(1545, 190, 'encabezado', 'ENCABEZADO', 'INT', '11', 1, NULL, 'a,e', NULL, '1', NULL, 'hidden', 0, NULL, NULL, 0, 1),
(1546, 190, 'firma', 'FIRMAS DIGITALES', 'INT', '11', 1, NULL, 'a,e', NULL, '1', '', 'hidden', 0, NULL, NULL, 0, 1),
(1547, 191, 'serie_idserie', 'SERIE DOCUMENTAL', 'INT', '11', 1, NULL, 'a', '2. Visi&oacute;n', '9', 'fk', 'hidden', 0, NULL, NULL, 0, 1),
(1548, 191, 'idft_vision_calidad', 'VISION_CALIDAD', 'INT', '11', 1, NULL, 'a,e', NULL, NULL, 'ai,pk', 'hidden', 0, NULL, NULL, 0, 1),
(1549, 191, 'documento_iddocumento', 'DOCUMENTO ASOCIADO', 'INT', '11', 1, NULL, 'a,e', NULL, NULL, 'i', 'hidden', 0, NULL, NULL, 0, 1),
(1550, 191, 'dependencia', 'DEPENDENCIA DEL CREADOR DEL DOCUMENTO', 'INT', '11', 1, '{*buscar_dependencia*}', 'a,e', NULL, NULL, 'i', 'hidden', 0, NULL, NULL, 0, 1),
(1551, 191, 'encabezado', 'ENCABEZADO', 'INT', '11', 1, NULL, 'a,e', NULL, '1', NULL, 'hidden', 0, NULL, NULL, 0, 1),
(1552, 191, 'firma', 'FIRMAS DIGITALES', 'INT', '11', 1, NULL, 'a,e', NULL, '1', '', 'hidden', 0, NULL, NULL, 0, 1),
(1987, 192, 'serie_idserie', 'SERIE DOCUMENTAL', 'INT', '11', 1, NULL, 'a', '3. Pol&iacute;tica de Calidad', '11', 'fk', 'hidden', 0, NULL, NULL, 0, 1),
(1988, 192, 'idft_politica_calidad', 'POLITICA_CALIDAD', 'INT', '11', 1, NULL, 'a,e', NULL, NULL, 'ai,pk', 'hidden', 0, NULL, NULL, 0, 1),
(1989, 192, 'documento_iddocumento', 'DOCUMENTO ASOCIADO', 'INT', '11', 1, NULL, 'a,e', NULL, NULL, 'i', 'hidden', 0, NULL, NULL, 0, 1),
(1990, 192, 'dependencia', 'DEPENDENCIA DEL CREADOR DEL DOCUMENTO', 'INT', '11', 1, '{*buscar_dependencia*}', 'a,e', NULL, NULL, 'i', 'hidden', 0, NULL, NULL, 0, 1),
(1991, 192, 'encabezado', 'ENCABEZADO', 'INT', '11', 1, NULL, 'a,e', NULL, '1', NULL, 'hidden', 0, NULL, NULL, 0, 1),
(1992, 192, 'firma', 'FIRMAS DIGITALES', 'INT', '11', 1, NULL, 'a,e', NULL, '1', '', 'hidden', 0, NULL, NULL, 0, 1),
(1993, 193, 'serie_idserie', 'SERIE DOCUMENTAL', 'INT', '11', 1, NULL, 'a', '4. Objetivos de Calidad', '12', 'fk', 'hidden', 0, NULL, NULL, 0, 1),
(1994, 193, 'idft_objetivos_calidad', 'OBJETIVOS_CALIDAD', 'INT', '11', 1, NULL, 'a,e', NULL, NULL, 'ai,pk', 'hidden', 0, NULL, NULL, 0, 1),
(1995, 193, 'documento_iddocumento', 'DOCUMENTO ASOCIADO', 'INT', '11', 1, NULL, 'a,e', NULL, NULL, 'i', 'hidden', 0, NULL, NULL, 0, 1),
(1996, 193, 'dependencia', 'DEPENDENCIA DEL CREADOR DEL DOCUMENTO', 'INT', '11', 1, '{*buscar_dependencia*}', 'a,e', NULL, NULL, 'i', 'hidden', 0, NULL, NULL, 0, 1),
(1997, 193, 'encabezado', 'ENCABEZADO', 'INT', '11', 1, NULL, 'a,e', NULL, '1', NULL, 'hidden', 0, NULL, NULL, 0, 1),
(1998, 193, 'firma', 'FIRMAS DIGITALES', 'INT', '11', 1, NULL, 'a,e', NULL, '1', '', 'hidden', 0, NULL, NULL, 0, 1),
(1999, 194, 'serie_idserie', 'SERIE DOCUMENTAL', 'INT', '11', 1, NULL, 'a', '6. MAPA DE PROCESOS', '8', 'fk', 'hidden', 13, NULL, NULL, 0, 1),
(2000, 194, 'lider_proceso', 'L&iacute;der del proceso', 'VARCHAR', '255', 1, '../../test.php?rol=1&sin_padre=1;2;0;1;1;0;5', 'a,e,b', NULL, NULL, NULL, 'arbol', 7, NULL, NULL, 0, 1),
(2001, 194, 'estado', 'estado', 'VARCHAR', '255', 1, 'ELABORACION,ELABORACION;REVISION,REVISION;APROBACION,APROBACION;DISTRIBUCION,DISTRIBUCION;INACTIVO,INACTIVO', 'a,e,b', NULL, 'ELABORACION', NULL, 'select', 11, NULL, NULL, 0, 1),
(2002, 194, 'anexos', 'Anexos', 'VARCHAR', '255', 0, NULL, 'a,e,b', NULL, NULL, NULL, 'archivo', 12, NULL, NULL, 0, 1),
(2003, 194, 'codigo', 'C&oacute;digo', 'VARCHAR', '255', 0, NULL, 'a,e,b', NULL, NULL, NULL, 'text', 5, NULL, NULL, 0, 1),
(2004, 194, 'descripcion', 'Descripci&oacute;n', 'TEXT', NULL, 1, NULL, 'a,e,b', NULL, NULL, NULL, 'textarea', 9, NULL, NULL, 0, 1),
(2005, 194, 'fecha', 'Fecha', 'DATE', NULL, 1, NULL, 'a,e,b', NULL, 'now()', NULL, 'fecha', 2, NULL, NULL, 0, 1),
(2006, 194, 'nombre', 'Nombre', 'VARCHAR', '255', 1, NULL, 'a,e,p,d,b', NULL, NULL, NULL, 'text', 4, NULL, NULL, 0, 1),
(2007, 194, 'version', 'Versi&oacute;n', 'INT', '11', 1, NULL, 'a,e,b', NULL, '1', NULL, 'text', 6, NULL, NULL, 0, 1),
(2008, 194, 'objetivo', 'objetivo', 'TEXT', NULL, 1, NULL, 'a,e,b', NULL, 'objetivo', NULL, 'textarea', 8, NULL, NULL, 0, 1),
(2009, 194, 'politica_operacion', 'Politica de operacion', 'TEXT', NULL, 0, NULL, 'a,e,b', NULL, NULL, NULL, 'textarea', 10, NULL, NULL, 0, 1),
(2010, 194, 'idft_proceso', 'PROCESO', 'INT', '11', 1, NULL, 'a,e', NULL, NULL, 'ai,pk', 'hidden', 14, NULL, NULL, 0, 1),
(2011, 194, 'documento_iddocumento', 'DOCUMENTO ASOCIADO', 'INT', '11', 1, NULL, 'a,e', NULL, NULL, 'i', 'hidden', 15, NULL, NULL, 0, 1),
(2012, 194, 'dependencia', 'DEPENDENCIA DEL CREADOR DEL DOCUMENTO', 'INT', '11', 1, '{*buscar_dependencia*}', 'a,e', NULL, NULL, 'i', 'hidden', 1, NULL, NULL, 0, 1),
(2013, 194, 'encabezado', 'ENCABEZADO', 'INT', '11', 1, NULL, 'a,e', NULL, '1', NULL, 'hidden', 16, NULL, NULL, 0, 1),
(2014, 194, 'firma', 'FIRMAS DIGITALES', 'INT', '11', 1, NULL, 'a,e', NULL, '1', '', 'hidden', 17, NULL, NULL, 0, 1),
(2015, 194, 'coordenadas', 'Coordenadas', 'VARCHAR', '255', 0, NULL, 'a,e,b', NULL, NULL, NULL, 'hidden', 3, NULL, NULL, 0, 1),
(2031, 196, 'ft_proceso', 'caracterizacion', 'INT', '11', 1, '194', 'a', '8. Caracterizaci&oacute;n', NULL, 'fk', 'detalle', 9, NULL, NULL, 0, 1),
(2032, 196, 'serie_idserie', 'SERIE DOCUMENTAL', 'INT', '11', 1, NULL, 'a', '8. Caracterizaci&oacute;n', '13', 'fk', 'hidden', 10, NULL, NULL, 0, 1),
(2033, 196, 'anexos', 'Anexos', 'VARCHAR', '255', 1, NULL, 'a,e,b', NULL, NULL, NULL, 'archivo', 8, NULL, NULL, 0, 1),
(2034, 196, 'codigo', 'C&oacute;digo', 'VARCHAR', '255', 1, NULL, 'a,e,b', NULL, NULL, NULL, 'text', 4, NULL, NULL, 0, 1),
(2035, 196, 'descripcion', 'Descripci&oacute;n', 'TEXT', NULL, 0, NULL, 'a,e,b', NULL, NULL, NULL, 'textarea', 6, NULL, NULL, 0, 1),
(2036, 196, 'estado', 'Estado', 'VARCHAR', '255', 1, 'ELABORACION,ELABORACION;REVISION,REVISION;APROBACION,APROBACION;DISTRIBUCION,DISTRIBUCION;INACTIVO,INACTIVO', 'a,e,b', NULL, 'ELABORACION', NULL, 'select', 7, NULL, NULL, 0, 1),
(2037, 196, 'fecha', 'Fecha', 'DATE', NULL, 1, NULL, 'a,e,b', NULL, 'now()', NULL, 'fecha', 2, NULL, NULL, 0, 1),
(2038, 196, 'nombre', 'Nombre', 'VARCHAR', '255', 1, NULL, 'a,e,p,d,b', NULL, NULL, NULL, 'text', 3, NULL, NULL, 0, 1),
(2039, 196, 'version', 'Versi&oacute;n', 'INT', '11', 1, NULL, 'a,e,b', NULL, '1', NULL, 'text', 5, NULL, NULL, 0, 1),
(2040, 196, 'idft_caracterizacion', 'CARACTERIZACION', 'INT', '11', 1, NULL, 'a,e', NULL, NULL, 'ai,pk', 'hidden', 11, NULL, NULL, 0, 1),
(2041, 196, 'documento_iddocumento', 'DOCUMENTO ASOCIADO', 'INT', '11', 1, NULL, 'a,e', NULL, NULL, 'i', 'hidden', 12, NULL, NULL, 0, 1),
(2042, 196, 'dependencia', 'DEPENDENCIA DEL CREADOR DEL DOCUMENTO', 'INT', '11', 1, '{*buscar_dependencia*}', 'a,e', NULL, NULL, 'i', 'hidden', 1, NULL, NULL, 0, 1),
(2043, 196, 'encabezado', 'ENCABEZADO', 'INT', '11', 1, NULL, 'a,e', NULL, '1', NULL, 'hidden', 13, NULL, NULL, 0, 1),
(2044, 196, 'firma', 'FIRMAS DIGITALES', 'INT', '11', 1, NULL, 'a,e', NULL, '1', '', 'hidden', 14, NULL, NULL, 0, 1),
(2045, 196, 'ft_procesos_planeacion', 'caracterizacion', 'INT', '11', 1, '16', 'a', '8. Caracterizaci&oacute;n', NULL, 'fk', 'detalle', 15, NULL, NULL, 0, 1),
(2090, 200, 'ft_proceso', 'procedimientos', 'INT', '11', 1, '194', 'a', '2. Procedimientos', NULL, 'fk', 'detalle', 9, NULL, NULL, 0, 1),
(2091, 200, 'serie_idserie', 'SERIE DOCUMENTAL', 'INT', '11', 1, NULL, 'a', '2. Procedimientos', '14', 'fk', 'hidden', 10, NULL, NULL, 0, 1),
(2092, 200, 'anexos', 'Anexos', 'VARCHAR', '255', 1, NULL, 'a,e,b', NULL, NULL, NULL, 'archivo', 8, NULL, NULL, 0, 1),
(2093, 200, 'codigo', 'C&oacute;digo', 'VARCHAR', '255', 0, NULL, 'a,e,b', NULL, NULL, NULL, 'text', 4, NULL, NULL, 0, 1),
(2094, 200, 'descripcion', 'Descripci&oacute;n', 'TEXT', NULL, 0, NULL, 'a,e,b', NULL, NULL, NULL, 'textarea', 6, NULL, NULL, 0, 1),
(2095, 200, 'estado', 'Estado', 'VARCHAR', '255', 1, 'ELABORACION,ELABORACION;REVISION,REVISION;APROBACION,APROBACION;DISTRIBUCION,DISTRIBUCION;INACTIVO,INACTIVO', 'a,e,b', NULL, 'ELABORACION', NULL, 'select', 7, NULL, NULL, 0, 1),
(2096, 200, 'fecha', 'Fecha', 'DATE', NULL, 1, NULL, 'a,e,b', NULL, 'now()', NULL, 'fecha', 2, NULL, NULL, 0, 1),
(2097, 200, 'nombre', 'Nombre', 'VARCHAR', '255', 1, NULL, 'a,e,p,d,b', NULL, NULL, NULL, 'text', 3, NULL, NULL, 0, 1),
(2098, 200, 'version', 'Versi&oacute;n', 'INT', '11', 1, NULL, 'a,e,b', NULL, '1', NULL, 'text', 5, NULL, NULL, 0, 1),
(2099, 200, 'idft_procedimientos', 'PROCEDIMIENTOS', 'INT', '11', 1, NULL, 'a,e', NULL, NULL, 'ai,pk', 'hidden', 11, NULL, NULL, 0, 1),
(2100, 200, 'documento_iddocumento', 'DOCUMENTO ASOCIADO', 'INT', '11', 1, NULL, 'a,e', NULL, NULL, 'i', 'hidden', 12, NULL, NULL, 0, 1),
(2101, 200, 'dependencia', 'DEPENDENCIA DEL CREADOR DEL DOCUMENTO', 'INT', '11', 1, '{*buscar_dependencia*}', 'a,e', NULL, NULL, 'i', 'hidden', 1, NULL, NULL, 0, 1),
(2102, 200, 'encabezado', 'ENCABEZADO', 'INT', '11', 1, NULL, 'a,e', NULL, '1', NULL, 'hidden', 13, NULL, NULL, 0, 1),
(2103, 200, 'firma', 'FIRMAS DIGITALES', 'INT', '11', 1, NULL, 'a,e', NULL, '1', '', 'hidden', 14, NULL, NULL, 0, 1),
(2104, 201, 'ft_proceso', 'formatos_proceso', 'INT', '11', 1, '194', 'a', '3.  Formatos', NULL, 'fk', 'detalle', 9, NULL, NULL, 0, 1),
(2105, 201, 'serie_idserie', 'SERIE DOCUMENTAL', 'INT', '11', 1, NULL, 'a', '3.  Formatos', '15', 'fk', 'hidden', 10, NULL, NULL, 0, 1),
(2106, 201, 'nombre', 'Nombre', 'VARCHAR', '255', 1, NULL, 'a,e,p,d,b', NULL, NULL, NULL, 'text', 3, NULL, NULL, 0, 1),
(2107, 201, 'codigo', 'C&oacute;digo', 'VARCHAR', '255', 1, NULL, 'a,e,b', NULL, NULL, NULL, 'text', 4, NULL, NULL, 0, 1),
(2108, 201, 'descripcion', 'Descripci&oacute;n', 'TEXT', NULL, 0, NULL, 'a,e,b', NULL, NULL, NULL, 'textarea', 6, NULL, NULL, 0, 1),
(2109, 201, 'estado', 'Estado', 'VARCHAR', '255', 1, 'ELABORACION,ELABORACION;REVISION,REVISION;APROBACION,APROBACION;DISTRIBUCION,DISTRIBUCION;INACTIVO,INACTIVO', 'a,e,b', NULL, 'ELABORACION', NULL, 'select', 7, NULL, NULL, 0, 1),
(2110, 201, 'fecha', 'Fecha', 'DATE', NULL, 1, NULL, 'a,e,b', NULL, 'now()', NULL, 'fecha', 2, NULL, NULL, 0, 1),
(2111, 201, 'version', 'Versi&oacute;n', 'INT', '11', 1, NULL, 'a,e,b', NULL, '1', NULL, 'text', 5, NULL, NULL, 0, 1),
(2112, 201, 'anexos', 'Anexos', 'VARCHAR', '255', 1, NULL, 'a,e,b', NULL, NULL, NULL, 'archivo', 8, NULL, NULL, 0, 1),
(2113, 201, 'idft_formatos_proceso', 'FORMATOS_PROCESO', 'INT', '11', 1, NULL, 'a,e', NULL, NULL, 'ai,pk', 'hidden', 11, NULL, NULL, 0, 1),
(2114, 201, 'documento_iddocumento', 'DOCUMENTO ASOCIADO', 'INT', '11', 1, NULL, 'a,e', NULL, NULL, 'i', 'hidden', 12, NULL, NULL, 0, 1),
(2115, 201, 'dependencia', 'DEPENDENCIA DEL CREADOR DEL DOCUMENTO', 'INT', '11', 1, '{*buscar_dependencia*}', 'a,e', NULL, NULL, 'i', 'hidden', 1, NULL, NULL, 0, 1),
(2116, 201, 'encabezado', 'ENCABEZADO', 'INT', '11', 1, NULL, 'a,e', NULL, '1', NULL, 'hidden', 13, NULL, NULL, 0, 1),
(2117, 201, 'firma', 'FIRMAS DIGITALES', 'INT', '11', 1, NULL, 'a,e', NULL, '1', '', 'hidden', 14, NULL, NULL, 0, 1),
(2132, 203, 'ft_proceso', 'instructivos', 'INT', '11', 1, '194', 'a', '5. Instructivos', NULL, 'fk', 'detalle', 9, NULL, NULL, 0, 1),
(2133, 203, 'serie_idserie', 'SERIE DOCUMENTAL', 'INT', '11', 1, NULL, 'a', '5. Instructivos', '17', 'fk', 'hidden', 10, NULL, NULL, 0, 1),
(2134, 203, 'anexos', 'Anexos', 'VARCHAR', '255', 1, NULL, 'a,e,b', NULL, NULL, NULL, 'archivo', 8, NULL, NULL, 0, 1),
(2135, 203, 'codigo', 'C&oacute;digo', 'VARCHAR', '255', 1, NULL, 'a,e,b', NULL, NULL, NULL, 'text', 4, NULL, NULL, 0, 1),
(2136, 203, 'descripcion', 'Descripci&oacute;n', 'TEXT', NULL, 0, NULL, 'a,e,b', NULL, NULL, NULL, 'textarea', 6, NULL, NULL, 0, 1),
(2137, 203, 'estado', 'Estado', 'VARCHAR', '255', 1, 'ELABORACION,ELABORACION;REVISION,REVISION;APROBACION,APROBACION;DISTRIBUCION,DISTRIBUCION;INACTIVO,INACTIVO', 'a,e,b', NULL, 'ELABORACION', NULL, 'select', 7, NULL, NULL, 0, 1),
(2138, 203, 'fecha', 'Fecha', 'DATE', NULL, 1, NULL, 'a,e,b', NULL, 'now()', NULL, 'fecha', 2, NULL, NULL, 0, 1),
(2139, 203, 'nombre', 'Nombre', 'VARCHAR', '255', 1, NULL, 'a,e,p,d,b', NULL, NULL, NULL, 'text', 3, NULL, NULL, 0, 1),
(2140, 203, 'version', 'Versi&oacute;n', 'VARCHAR', '255', 1, NULL, 'a,e,b', NULL, '1', NULL, 'text', 5, NULL, NULL, 0, 1),
(2141, 203, 'idft_instructivos', 'INSTRUCTIVOS', 'INT', '11', 1, NULL, 'a,e', NULL, NULL, 'ai,pk', 'hidden', 11, NULL, NULL, 0, 1),
(2142, 203, 'documento_iddocumento', 'DOCUMENTO ASOCIADO', 'INT', '11', 1, NULL, 'a,e', NULL, NULL, 'i', 'hidden', 12, NULL, NULL, 0, 1),
(2143, 203, 'dependencia', 'DEPENDENCIA DEL CREADOR DEL DOCUMENTO', 'INT', '11', 1, '{*buscar_dependencia*}', 'a,e', NULL, NULL, 'i', 'hidden', 1, NULL, NULL, 0, 1),
(2144, 203, 'encabezado', 'ENCABEZADO', 'INT', '11', 1, NULL, 'a,e', NULL, '1', NULL, 'hidden', 13, NULL, NULL, 0, 1),
(2145, 203, 'firma', 'FIRMAS DIGITALES', 'INT', '11', 1, NULL, 'a,e', NULL, '1', '', 'hidden', 14, NULL, NULL, 0, 1),
(2146, 204, 'ft_proceso', 'guias', 'INT', '11', 1, '194', 'a', '6. Gu&iacute;as', NULL, 'fk', 'detalle', 9, NULL, NULL, 0, 1),
(2147, 204, 'serie_idserie', 'SERIE DOCUMENTAL', 'INT', '11', 1, NULL, 'a', '6. Gu&iacute;as', '18', 'fk', 'hidden', 10, NULL, NULL, 0, 1),
(2148, 204, 'anexos', 'Anexos', 'VARCHAR', '255', 1, NULL, 'a,e,b', NULL, NULL, NULL, 'archivo', 8, NULL, NULL, 0, 1),
(2149, 204, 'codigo', 'C&oacute;digo', 'VARCHAR', '255', 1, NULL, 'a,e,b', NULL, NULL, NULL, 'text', 4, NULL, NULL, 0, 1),
(2150, 204, 'descripcion', 'Descripci&oacute;n', 'TEXT', NULL, 0, NULL, 'a,e,b', NULL, NULL, NULL, 'textarea', 6, NULL, NULL, 0, 1),
(2151, 204, 'fecha', 'Fecha', 'DATE', NULL, 1, NULL, 'a,e,b', NULL, 'now()', NULL, 'fecha', 2, NULL, NULL, 0, 1),
(2152, 204, 'nombre', 'Nombre', 'VARCHAR', '255', 1, NULL, 'a,e,p,d,b', NULL, NULL, NULL, 'text', 3, NULL, NULL, 0, 1),
(2153, 204, 'version', 'Versi&oacute;n', 'VARCHAR', '255', 1, NULL, 'a,e,b', NULL, '1', NULL, 'text', 5, NULL, NULL, 0, 1),
(2154, 204, 'estado', 'Estado', 'VARCHAR', '255', 1, 'ELABORACION,ELABORACION;REVISION,REVISION;APROBACION,APROBACION;DISTRIBUCION,DISTRIBUCION;INACTIVO,INACTIVO', 'a,e,b', NULL, 'ELABORACION', NULL, 'text', 7, NULL, NULL, 0, 1),
(2155, 204, 'idft_guias', 'GUIAS', 'INT', '11', 1, NULL, 'a,e', NULL, NULL, 'ai,pk', 'hidden', 11, NULL, NULL, 0, 1),
(2156, 204, 'documento_iddocumento', 'DOCUMENTO ASOCIADO', 'INT', '11', 1, NULL, 'a,e', NULL, NULL, 'i', 'hidden', 12, NULL, NULL, 0, 1),
(2157, 204, 'dependencia', 'DEPENDENCIA DEL CREADOR DEL DOCUMENTO', 'INT', '11', 1, '{*buscar_dependencia*}', 'a,e', NULL, NULL, 'i', 'hidden', 1, NULL, NULL, 0, 1),
(2158, 204, 'encabezado', 'ENCABEZADO', 'INT', '11', 1, NULL, 'a,e', NULL, '1', NULL, 'hidden', 13, NULL, NULL, 0, 1),
(2159, 204, 'firma', 'FIRMAS DIGITALES', 'INT', '11', 1, NULL, 'a,e', NULL, '1', '', 'hidden', 14, NULL, NULL, 0, 1),
(2160, 205, 'ft_proceso', 'manuales', 'INT', '11', 1, '194', 'a', '7. Manuales', NULL, 'fk', 'detalle', 9, NULL, NULL, 0, 1),
(2161, 205, 'serie_idserie', 'SERIE DOCUMENTAL', 'INT', '11', 1, NULL, 'a', '7. Manuales', '19', 'fk', 'hidden', 10, NULL, NULL, 0, 1),
(2162, 205, 'anexos', 'Anexos', 'VARCHAR', '255', 1, NULL, 'a,e,b', NULL, NULL, NULL, 'archivo', 8, NULL, NULL, 0, 1),
(2163, 205, 'codigo', 'C&oacute;digo', 'VARCHAR', '255', 1, NULL, 'a,e,b', NULL, NULL, NULL, 'text', 4, NULL, NULL, 0, 1),
(2164, 205, 'descripcion', 'Descripci&oacute;n', 'TEXT', NULL, 0, NULL, 'a,e,b', NULL, NULL, NULL, 'textarea', 6, NULL, NULL, 0, 1),
(2165, 205, 'fecha', 'Fecha', 'DATE', NULL, 1, NULL, 'a,e,b', NULL, 'now()', NULL, 'fecha', 2, NULL, NULL, 0, 1),
(2166, 205, 'nombre', 'Nombre', 'VARCHAR', '255', 1, NULL, 'a,e,p,d,b', NULL, NULL, NULL, 'text', 3, NULL, NULL, 0, 1),
(2167, 205, 'version', 'Versi&oacute;n', 'VARCHAR', '255', 1, NULL, 'a,e,b', NULL, '1', NULL, 'text', 5, NULL, NULL, 0, 1),
(2168, 205, 'estado', 'Estado', 'VARCHAR', '255', 1, 'ELABORACION,ELABORACION;REVISION,REVISION;APROBACION,APROBACION;DISTRIBUCION,DISTRIBUCION;INACTIVO,INACTIVO', 'a,e,b', NULL, 'ELABORACION', NULL, 'select', 7, NULL, NULL, 0, 1),
(2169, 205, 'idft_manuales', 'MANUALES', 'INT', '11', 1, NULL, 'a,e', NULL, NULL, 'ai,pk', 'hidden', 11, NULL, NULL, 0, 1),
(2170, 205, 'documento_iddocumento', 'DOCUMENTO ASOCIADO', 'INT', '11', 1, NULL, 'a,e', NULL, NULL, 'i', 'hidden', 12, NULL, NULL, 0, 1),
(2171, 205, 'dependencia', 'DEPENDENCIA DEL CREADOR DEL DOCUMENTO', 'INT', '11', 1, '{*buscar_dependencia*}', 'a,e', NULL, NULL, 'i', 'hidden', 1, NULL, NULL, 0, 1),
(2172, 205, 'encabezado', 'ENCABEZADO', 'INT', '11', 1, NULL, 'a,e', NULL, '1', NULL, 'hidden', 13, NULL, NULL, 0, 1),
(2173, 205, 'firma', 'FIRMAS DIGITALES', 'INT', '11', 1, NULL, 'a,e', NULL, '1', '', 'hidden', 14, NULL, NULL, 0, 1),
(2174, 206, 'ft_proceso', 'otros', 'INT', '11', 1, '194', 'a', '8. Otros', NULL, 'fk', 'detalle', 9, NULL, NULL, 0, 1),
(2175, 206, 'serie_idserie', 'SERIE DOCUMENTAL', 'INT', '11', 1, NULL, 'a', '8. Otros', '20', 'fk', 'hidden', 10, NULL, NULL, 0, 1),
(2176, 206, 'anexos', 'Anexos', 'VARCHAR', '255', 1, NULL, 'a,e,b', NULL, NULL, NULL, 'archivo', 8, NULL, NULL, 0, 1),
(2177, 206, 'codigo', 'C&oacute;digo', 'VARCHAR', '255', 1, NULL, 'a,e,b', NULL, NULL, NULL, 'text', 4, NULL, NULL, 0, 1),
(2178, 206, 'descripcion', 'Descripci&oacute;n', 'TEXT', NULL, 0, NULL, 'a,e,b', NULL, NULL, NULL, 'textarea', 6, NULL, NULL, 0, 1),
(2179, 206, 'fecha', 'Fecha', 'DATE', NULL, 1, NULL, 'a,e,b', NULL, 'now()', NULL, 'fecha', 2, NULL, NULL, 0, 1),
(2180, 206, 'nombre', 'Nombre', 'VARCHAR', '255', 1, NULL, 'a,e,p,d,b', NULL, NULL, NULL, 'text', 3, NULL, NULL, 0, 1),
(2181, 206, 'version', 'Versi&oacute;n', 'VARCHAR', '255', 1, NULL, 'a,e,b', NULL, '1', NULL, 'text', 5, NULL, NULL, 0, 1),
(2182, 206, 'estado', 'Estado', 'VARCHAR', '255', 1, 'ELABORACION,ELABORACION;REVISION,REVISION;APROBACION,APROBACION;DISTRIBUCION,DISTRIBUCION;INACTIVO,INACTIVO', 'a,e,b', NULL, 'ELABORACION', NULL, 'select', 7, NULL, NULL, 0, 1),
(2183, 206, 'idft_otros', 'OTROS', 'INT', '11', 1, NULL, 'a,e', NULL, NULL, 'ai,pk', 'hidden', 11, NULL, NULL, 0, 1),
(2184, 206, 'documento_iddocumento', 'DOCUMENTO ASOCIADO', 'INT', '11', 1, NULL, 'a,e', NULL, NULL, 'i', 'hidden', 12, NULL, NULL, 0, 1),
(2185, 206, 'dependencia', 'DEPENDENCIA DEL CREADOR DEL DOCUMENTO', 'INT', '11', 1, '{*buscar_dependencia*}', 'a,e', NULL, NULL, 'i', 'hidden', 1, NULL, NULL, 0, 1),
(2186, 206, 'encabezado', 'ENCABEZADO', 'INT', '11', 1, NULL, 'a,e', NULL, '1', NULL, 'hidden', 13, NULL, NULL, 0, 1),
(2187, 206, 'firma', 'FIRMAS DIGITALES', 'INT', '11', 1, NULL, 'a,e', NULL, '1', '', 'hidden', 14, NULL, NULL, 0, 1),
(2118, 202, 'ft_proceso', 'indicadores', 'INT', '11', 1, '194', 'a', '4. Indicadores', NULL, 'fk', 'detalle', 9, NULL, NULL, 0, 1),
(2119, 202, 'serie_idserie', 'SERIE DOCUMENTAL', 'INT', '11', 1, NULL, 'a', '4. Indicadores', '16', 'fk', 'hidden', 10, NULL, NULL, 0, 1),
(2120, 202, 'anexos', 'Anexos', 'VARCHAR', '255', 1, NULL, 'a,e,b', NULL, NULL, NULL, 'archivo', 8, NULL, NULL, 0, 1),
(2121, 202, 'codigo', 'C&oacute;digo', 'VARCHAR', '255', 1, NULL, 'a,e,b', NULL, NULL, NULL, 'text', 4, NULL, NULL, 0, 1),
(2122, 202, 'descripcion', 'Descripci&oacute;n', 'TEXT', NULL, 0, NULL, 'a,e,b', NULL, NULL, NULL, 'textarea', 6, NULL, NULL, 0, 1),
(2123, 202, 'estado', 'Estado', 'VARCHAR', '255', 1, 'ELABORACION,ELABORACION;REVISION,REVISION;APROBACION,APROBACION;DISTRIBUCION,DISTRIBUCION;INACTIVO,INACTIVO', 'a,e,b', NULL, 'ELABORACION', NULL, 'select', 7, NULL, NULL, 0, 1),
(2124, 202, 'fecha', 'Fecha', 'DATE', NULL, 1, NULL, 'a,e,b', NULL, 'now()', NULL, 'fecha', 2, NULL, NULL, 0, 1),
(2125, 202, 'nombre', 'Nombre', 'VARCHAR', '255', 1, NULL, 'a,e,p,d,b', NULL, NULL, NULL, 'text', 3, NULL, NULL, 0, 1),
(2126, 202, 'version', 'Versi&oacute;n', 'VARCHAR', '11', 1, NULL, 'a,e,b', NULL, '1', NULL, 'text', 5, NULL, NULL, 0, 1),
(2127, 202, 'idft_indicadores', 'INDICADORES', 'INT', '11', 1, NULL, 'a,e', NULL, NULL, 'ai,pk', 'hidden', 11, NULL, NULL, 0, 1),
(2128, 202, 'documento_iddocumento', 'DOCUMENTO ASOCIADO', 'INT', '11', 1, NULL, 'a,e', NULL, NULL, 'i', 'hidden', 12, NULL, NULL, 0, 1),
(2129, 202, 'dependencia', 'DEPENDENCIA DEL CREADOR DEL DOCUMENTO', 'INT', '11', 1, '{*buscar_dependencia*}', 'a,e', NULL, NULL, 'i', 'hidden', 1, NULL, NULL, 0, 1),
(2130, 202, 'encabezado', 'ENCABEZADO', 'INT', '11', 1, NULL, 'a,e', NULL, '1', NULL, 'hidden', 13, NULL, NULL, 0, 1),
(2131, 202, 'firma', 'FIRMAS DIGITALES', 'INT', '11', 1, NULL, 'a,e', NULL, '1', '', 'hidden', 14, NULL, NULL, 0, 1);

INSERT INTO caracteristicas_campos (idcaracteristicas_campos, tipo_caracteristica, valor, idcampos_formato) VALUES
(1, 'adicionales', 'style="width:350px"', 36);

INSERT INTO contador (idcontador, consecutivo, nombre, reiniciar_cambio_anio, etiqueta_contador, post) VALUES
(1, 1, 'radicacion_entrada', 1, NULL, NULL),
(2, 1, 'radicacion_salida', 1, NULL, NULL),
(3, 1, 'carta', 0, NULL, NULL),
(4, 1, 'memorando', 1, NULL, NULL),
(5, 1, 'memorando', 0, NULL, NULL),
(6, 1, 'prueba', 0, NULL, NULL),
(8, 1, 'proceso', 0, NULL, NULL),
(9, 1, 'vision_calidad', 0, NULL, NULL),
(10, 1, 'mision_calidad', 0, NULL, NULL),
(11, 1, 'politica_calidad', 0, NULL, NULL),
(12, 1, 'objetivos_calidad', 0, NULL, NULL),
(13, 2, 'caracterizacion', 0, NULL, NULL),
(14, 1, 'procedimientos', 0, NULL, NULL),
(15, 1, 'formatos_proceso', 0, NULL, NULL),
(16, 1, 'indicadores', 0, NULL, NULL),
(17, 1, 'instructivos', 0, NULL, NULL),
(18, 1, 'guias', 0, NULL, NULL),
(19, 1, 'manuales', 0, NULL, NULL),
(20, 1, 'otros', 0, NULL, NULL);

INSERT INTO encabezado_formato (idencabezado_formato, contenido, etiqueta) VALUES
(1, '<table style="width: 100%;" border="0">\r\n<tbody>\r\n<tr>\r\n<td style="text-align: left; width: 33%;">{*logo_empresa*}</td>\r\n<td style="text-align: center; width: 33%;" valign="middle"><strong>{*nombre_formato*}</strong></td>\r\n<td style="text-align: center; width: 33%;" valign="middle">{*formato_numero*}</td>\r\n</tr>\r\n</tbody>\r\n</table>', 'encabezado_predeterminado'),
(2, '<table style="width: 100%; border-collapse: collapse; font-family: arial;" border="0">\r\n<tbody>\r\n<tr>\r\n<td style="width: 25%;" align="center" valign="middle">{*logo_empresa*}</td>\r\n<td style="text-align: center; width: 50%;" align="center" valign="middle">{*nombre*}</td>\r\n<td style="text-align: center; width: 25%; height: 33%;" align="center" valign="middle">Versi&oacute;n: {*version*}<br />C&oacute;digo: {*codigo*}<br />Fecha: {*fecha*}</td>\r\n</tr>\r\n</tbody>\r\n</table>', 'encabezado_nuevo');

INSERT INTO funciones_formato (idfunciones_formato, nombre, nombre_funcion, parametros, etiqueta, descripcion, ruta, formato, acciones) VALUES
(1, '{*ciudad*}', 'ciudad', '', 'ciudad', 'ciudad', 'funciones.php', '1,2', 'm'),
(2, '{*mostrar_estado_proceso*}', 'mostrar_estado_proceso', '', 'mostrar_estado_proceso', 'mostrar_estado_proceso', 'funciones.php', '1,2,3,204,206,205,203,202,201,200,196,194', 'm'),
(3, '{*mostrar_fecha*}', 'mostrar_fecha', '', 'mostrar_fecha', 'mostrar_fecha', 'funciones.php', '1,2,3', 'm'),
(4, '{*dependencia_codigo*}', 'dependencia_codigo', '', 'dependencia_codigo', 'dependencia_codigo', 'funciones.php', '1,2', 'm'),
(5, '{*formato_numero*}', 'formato_numero', '', 'formato_numero', 'formato_numero', 'funciones.php', '1,2,3', 'm'),
(6, '{*logo_empresa*}', 'logo_empresa', '', 'logo_empresa', 'logo_empresa', 'funciones.php', '1,2,3,194,196,200,201,202,203,204,205,206', 'm'),
(7, '{*mostrar_anexos_memo*}', 'mostrar_anexos_memo', '', 'mostrar_anexos_memo', 'mostrar_anexos_memo', 'funciones.php', '1,2', 'm'),
(8, '{*estilo_formato*}', 'estilo_formato', '', 'estilo_formato', 'estilo_formato', 'funciones.php', '1,2', 'm'),
(9, '{*fecha_formato*}', 'fecha_formato', '', 'fecha_formato', 'fecha_formato', 'funciones.php', '1,2,3', 'a,e'),
(10, '{*crear_pdf*}', 'crear_pdf', '', 'crear_pdf', 'crear_pdf', 'funciones.php', '1,2', ''),
(11, '{*cargar_destinos_carta*}', 'cargar_destinos_carta', '', 'funciones.php', 'permite exportar e importar los destinos de una carta', 'funciones.php', '1', 'a,e'),
(12, '{*actualizar_radicados*}', 'actualizar_radicados', '', 'actualizar_radicados', 'actualizar_radicados', 'funciones.php', '1', ''),
(13, '{*lista_destinos*}', 'lista_destinos', '', 'lista_destinos', 'lista_destinos', 'funciones.php', '2', 'm'),
(14, '{*mostrar_origen*}', 'mostrar_origen', '', 'mostrar_origen', 'mostrar_origen', 'funciones.php', '2', 'm'),
(15, '{*mostrar_imagenes*}', 'mostrar_imagenes', '', 'mostrar_imagenes', 'mostar_imagenes', '../librerias/funciones_generales.php', '2', 'a,e'),
(16, '{*mostrar_formato*}', 'mostrar_formato', '', 'mostrar_formato', 'mostrar_formato', 'funciones.php', '2', ''),
(17, '{*mostrar_copias_memo*}', 'mostrar_copias_memo', '', 'mostrar_copias_memo', '', 'funciones.php', '2', 'm'),
(18, '{*guardar_plantilla*}', 'guardar_plantilla', '', 'guardar_plantilla', 'guardar_plantilla', 'funciones.php', '2', 'a'),
(19, '{*asignar_responsables*}', 'asignar_responsables', '', 'asignar_responsables', 'asignar_responsables', 'funciones.php', ',1', 'a'),
(20, '{*digitalizacion_formato_radicacion*}', 'digitalizacion_formato_radicacion', '', 'digitalizacion_formato_radicacion', NULL, '../librerias/funciones_formatos_generales.php', '', 'a,e'),
(77, '{*enviar_adicionar*}', 'enviar_adicionar', NULL, 'enviar_adicionar', '', 'funciones.php', '3', ''),
(22, '{*mostrar_radicado_entrada*}', 'mostrar_radicado_entrada', '', 'mostrar_radicado_entrada', NULL, 'funciones.php', '3', 'a'),
(23, '{*mostrar_copias_carta*}', 'mostrar_copias_carta', NULL, 'Mostrar Copias de la Carta', 'Mostrar Copias de la Carta', 'funciones.php', '1', 'm'),
(24, '{*mostrar_destinos*}', 'mostrar_destinos', NULL, 'Mostrar Destinos', 'Mostrar Destinos', 'funciones.php', '1', 'm'),
(79, '{*validar_digitalizacion_formato_radicacion*}', 'validar_digitalizacion_formato_radicacion', NULL, 'validar_digitalizacion_formato_radicacion', '', 'funciones.php', '3', ''),
(76, '{*nombre_formato*}', 'nombre_formato', NULL, 'nombre_formato', '', '../librerias/encabezado_pie_pagina.php', '3,1,2', 'm'),
(26, '{*transferencia_automatica*}', 'transferencia_automatica', 'destino,2', 'transferencia_automatica', 'transferencia_automatica', '../librerias/funciones_generales.php', '', NULL),
(27, '{*transferencia_automatica*}', 'transferencia_automatica', 'copia_a,2', 'transferencia_automatica', 'transferencia_automatica', '../librerias/funciones_generales.php', '', NULL),
(28, '{*transferencia_automatica*}', 'transferencia_automatica', 'destino,2', 'transferencia_automatica', 'transferencia_automatica', '../librerias/funciones_generales.php', '', NULL),
(29, '{*transferencia_automatica*}', 'transferencia_automatica', 'destino,2', 'transferencia_automatica', 'transferencia_automatica', '../librerias/funciones_generales.php', '', NULL),
(30, '{*transferencia_automatica*}', 'transferencia_automatica', 'destino,2', 'transferencia_automatica', 'transferencia_automatica', '../librerias/funciones_generales.php', '', NULL),
(31, '{*transferencia_automatica*}', 'transferencia_automatica', 'destino,2', 'transferencia_automatica', 'transferencia_automatica', '../librerias/funciones_generales.php', '', NULL),
(87, '{*transferencia_automatica*}', 'transferencia_automatica', 'copiainterna,2', 'transferencia_automatica', 'transferencia_automatica', '../librerias/funciones_generales.php', '1', NULL),
(84, '{*listar_politicas*}', 'listar_politicas', NULL, 'listar_politicas', '', 'funciones.php', '194', 'm'),
(85, '{*transferencia_automatica*}', 'transferencia_automatica', 'destino,2', 'transferencia_automatica', 'transferencia_automatica', '../librerias/funciones_generales.php', '2', NULL),
(86, '{*transferencia_automatica*}', 'transferencia_automatica', 'copia,2', 'transferencia_automatica', 'transferencia_automatica', '../librerias/funciones_generales.php', '2', NULL),
(81, '{*vincular_flujo*}', 'vincular_flujo', NULL, 'vincular_flujo', '', 'funciones.php', '3', ''),
(40, '{*transferencia_automatica*}', 'transferencia_automatica', 'copiainterna,2', 'transferencia_automatica', 'transferencia_automatica', '../librerias/funciones_generales.php', '', NULL),
(41, '{*transferencia_automatica*}', 'transferencia_automatica', 'copiainterna,2', 'transferencia_automatica', 'transferencia_automatica', '../librerias/funciones_generales.php', '', NULL),
(83, '{*transferencia_automatica*}', 'transferencia_automatica', 'copia_a,2', 'transferencia_automatica', 'transferencia_automatica', '../librerias/funciones_generales.php', '3', NULL),
(78, '{*cambiar_estado*}', 'cambiar_estado', NULL, 'cambiar_estado', '', 'funciones.php', '3', ''),
(80, '{*digitalizar_formato_radicacion*}', 'digitalizar_formato_radicacion', NULL, 'digitalizar_formato_radicacion', '', 'funciones.php', '3', 'a,e'),
(44, '{*transferencia_automatica*}', 'transferencia_automatica', 'copiainterna,2', 'transferencia_automatica', 'transferencia_automatica', '../librerias/funciones_generales.php', '', NULL),
(45, '{*transferencia_automatica*}', 'transferencia_automatica', 'copiainterna,2', 'transferencia_automatica', 'transferencia_automatica', '../librerias/funciones_generales.php', '', NULL),
(82, '{*transferencia_automatica*}', 'transferencia_automatica', 'destino,2', 'transferencia_automatica', 'transferencia_automatica', '../librerias/funciones_generales.php', '3', NULL),
(47, '{*transferencia_automatica*}', 'transferencia_automatica', 'copiainterna,2', 'transferencia_automatica', 'transferencia_automatica', '../librerias/funciones_generales.php', '', NULL),
(48, '{*transferencia_automatica*}', 'transferencia_automatica', 'copiainterna,2', 'transferencia_automatica', 'transferencia_automatica', '../librerias/funciones_generales.php', '', NULL),
(49, '{*transferencia_automatica*}', 'transferencia_automatica', 'copiainterna,2', 'transferencia_automatica', 'transferencia_automatica', '../librerias/funciones_generales.php', '', NULL),
(50, '{*transferencia_automatica*}', 'transferencia_automatica', 'copiainterna,2', 'transferencia_automatica', 'transferencia_automatica', '../librerias/funciones_generales.php', '', NULL),
(51, '{*transferencia_automatica*}', 'transferencia_automatica', 'copiainterna,2', 'transferencia_automatica', 'transferencia_automatica', '../librerias/funciones_generales.php', '', NULL),
(52, '{*transferencia_automatica*}', 'transferencia_automatica', 'copiainterna,2', 'transferencia_automatica', 'transferencia_automatica', '../librerias/funciones_generales.php', '', NULL),
(53, '{*transferencia_automatica*}', 'transferencia_automatica', 'copiainterna,2', 'transferencia_automatica', 'transferencia_automatica', '../librerias/funciones_generales.php', '', NULL),
(54, '{*transferencia_automatica*}', 'transferencia_automatica', 'copiainterna,2', 'transferencia_automatica', 'transferencia_automatica', '../librerias/funciones_generales.php', '', NULL),
(55, '{*transferencia_automatica*}', 'transferencia_automatica', 'copiainterna,2', 'transferencia_automatica', 'transferencia_automatica', '../librerias/funciones_generales.php', '', NULL),
(56, '{*transferencia_automatica*}', 'transferencia_automatica', 'copiainterna,2', 'transferencia_automatica', 'transferencia_automatica', '../librerias/funciones_generales.php', '', NULL),
(57, '{*transferencia_automatica*}', 'transferencia_automatica', 'copiainterna,2', 'transferencia_automatica', 'transferencia_automatica', '../librerias/funciones_generales.php', '', NULL),
(58, '{*transferencia_automatica*}', 'transferencia_automatica', 'copiainterna,2', 'transferencia_automatica', 'transferencia_automatica', '../librerias/funciones_generales.php', '', NULL),
(59, '{*transferencia_automatica*}', 'transferencia_automatica', 'copiainterna,2', 'transferencia_automatica', 'transferencia_automatica', '../librerias/funciones_generales.php', '', NULL),
(60, '{*transferencia_automatica*}', 'transferencia_automatica', 'copiainterna,2', 'transferencia_automatica', 'transferencia_automatica', '../librerias/funciones_generales.php', '', NULL),
(61, '{*transferencia_automatica*}', 'transferencia_automatica', 'copiainterna,2', 'transferencia_automatica', 'transferencia_automatica', '../librerias/funciones_generales.php', '', NULL),
(62, '{*transferencia_automatica*}', 'transferencia_automatica', 'copiainterna,2', 'transferencia_automatica', 'transferencia_automatica', '../librerias/funciones_generales.php', '', NULL),
(63, '{*transferencia_automatica*}', 'transferencia_automatica', 'copiainterna,2', 'transferencia_automatica', 'transferencia_automatica', '../librerias/funciones_generales.php', '', NULL),
(75, '{*validar_digitalizacion_formato*}', 'validar_digitalizacion_formato', NULL, 'validar_digitalizacion_formato', 'validar_digitalizacion_formato', '../librerias/funciones_formatos_generales.php', '', ''),
(72, '{*transferencia_automatica*}', 'transferencia_automatica', 'destino,2', 'transferencia_automatica', 'transferencia_automatica', '../librerias/funciones_generales.php', '3', NULL),
(73, '{*transferencia_automatica*}', 'transferencia_automatica', 'copia_a,2', 'transferencia_automatica', 'transferencia_automatica', '../librerias/funciones_generales.php', '3', NULL),
(88, '{*llenar_datos_funcion*}', 'llenar_datos_funcion', NULL, 'llenar_datos_funcion', '', 'funciones.php', '3', 'm'),
(74, '{*digitalizar_formato*}', 'digitalizar_formato', NULL, 'digitalizar_formato', 'digitalizar_formato', '../librerias/funciones_formatos_generales.php', '', 'a,e');

INSERT INTO funciones_formato_accion (idfunciones_formato_accion, idfunciones_formato, accion_idaccion, formato_idformato, momento, estado, orden) VALUES
(1, 10, 3, 1, 'POSTERIOR', 1, 1),
(2, 12, 3, 1, 'POSTERIOR', 1, 1),
(3, 12, 5, 1, 'POSTERIOR', 1, 1),
(4, 10, 3, 2, 'POSTERIOR', 1, 1),
(5, 16, 7, 2, 'POSTERIOR', 1, 1),
(18, 71, 3, 3, 'POSTERIOR', 1, 1),
(10, 67, 3, 3, 'POSTERIOR', 1, 1),
(9, 65, 3, 1, 'POSTERIOR', 1, 1),
(11, 69, 1, 3, 'POSTERIOR', 1, 1),
(13, 72, 3, 3, 'POSTERIOR', 1, 9),
(14, 73, 3, 3, 'POSTERIOR', 1, 8),
(24, 79, 5, 3, 'POSTERIOR', 1, 6),
(20, 77, 3, 3, 'POSTERIOR', 1, 10),
(21, 78, 5, 3, 'POSTERIOR', 1, 1),
(23, 79, 3, 3, 'POSTERIOR', 1, 7),
(25, 81, 3, 3, 'POSTERIOR', 1, 3),
(26, 81, 5, 3, 'POSTERIOR', 1, 2),
(27, 82, 5, 3, 'POSTERIOR', 1, 4),
(28, 83, 5, 3, 'POSTERIOR', 1, 5),
(29, 85, 3, 2, 'POSTERIOR', 1, 1),
(30, 86, 3, 2, 'POSTERIOR', 1, 1),
(31, 87, 3, 1, 'POSTERIOR', 1, 1);

INSERT INTO modulo (idmodulo, nombre, tipo, imagen, etiqueta, enlace, destino, cod_padre, orden, ayuda, parametros, busqueda_idbusqueda, permiso_admin) VALUES
(865, 'busqueda_avanzada_documentos', 'secundario', 'botones/principal/buscar_general.png', 'Buscar documentos', 'pantallas/buscador_principal.php?idbusqueda=17', 'centro', 4, 5, '', '', 0, 0),
(1014, 'vision_calidad', '1', 'botones/formatos/modulo.gif', '2. Visi&oacute;n', 'formatos/mostrar_vision_calidad.php', 'centro', 236, 1, 'Permite administrar el formato 2. Visi&oacute;n.', NULL, NULL, 0),
(7, 'radicacion_salida', '1', 'botones/principal/radicacion_salida.png', 'Salida', 'documentoaddsal.php', 'centro', 1, 3, '', NULL, NULL, 0),
(21, 'pendientes', 'principal', 'botones/principal/pendiente.png', 'Pendientes entrada', 'pantallas/buscador_principal.php?idbusqueda=7', 'centro', 1, 4, '', NULL, NULL, 0),
(202, 'calidad', 'secundario', 'botones/principal/calidad_sgc.png', 'Calidad', 'calidad.php', 'centro', 4, 4, '', NULL, NULL, 1),
(203, 'plantillas', 'secundario', 'botones/principal/defaut.png', 'Plantillas', 'formatos/formatolist.php', 'centro', 0, 1, '', NULL, NULL, 1),
(204, 'ayuda_radicacion', '1', 'botones/principal/defaut.png', 'Ayuda', '../manual_ccp/index_menu_radicacion.html   _', '_blank', 0, 1, '', NULL, NULL, 0),
(205, 'ayuda_config', '1', 'botones/principal/defaut.png', 'Ayuda', '../manual_ccp/index_menu_configuracion.html', '_blank', 0, 1, '', NULL, NULL, 0),
(206, 'ayuda_documento', '1', 'botones/principal/defaut.png', 'Ayuda', '../manual_ccp/index_menu_documentos.html', '_blank', 0, 1, '', NULL, NULL, 0),
(208, 'crear_plantilla', 'secundario', 'botones/principal/defaut.png', 'Plantillas', 'formatos/formatolist.php', 'centro', 2, 10, '', '', 0, 1),
(209, 'imagenes_pdf', '1', 'botones/comentarios/imprimir_escaneados.png', 'Imprimir o guardar documentos escaneados.', 'seleccionar_impresion.php?doc=@key@', '_blank', 64, 70, '', NULL, NULL, 0),
(210, 'expediente', '1', 'botones/principal/defaut.png', 'Expediente', 'expediente_principal.php', 'centro', 4, 14, '', NULL, NULL, 0),
(214, 'estructura_calidad', '1', 'botones/principal/defaut.png', 'Estructura calidad', 'estructura_calidadlist.php', 'derecha', 0, 1, '', NULL, NULL, 1),
(213, 'eliminar_borrador', 'secundario', 'images/eliminar_pagina.png', 'Eliminar borrador', '#', 'centro', 0, 1, '', NULL, NULL, 0),
(231, 'anexos_documento', 'secundario', 'botones/comentarios/adicionar_anexos.png', 'Visualizar o adjuntar anexos digitales al documento.', 'anexosdigitales/anexos_documento.php?key=@key@', 'centro', 64, 25, '', 'key', NULL, 0),
(216, 'reemplazo', 'secundario', 'botones/principal/defaut.png', 'Reemplazo', 'reemplazo.php?formato_adicionar=1', 'centro', 291, 13, '', NULL, NULL, 1),
(218, 'expediente', 'secundario', 'botones/comentarios/expediente.png', 'Clasificar el documento en un expediente existente.', 'expediente_llenar.php?iddoc=@key@', 'centro', 64, 65, '', NULL, NULL, 1),
(1007, 'crear_radicacion_entrada', '1', 'botones/formatos/modulo.gif', 'Crear Entrada', 'formatos/adicionar_radicacion_entrada.php', 'centro', 1006, 1, 'Permite crear Entrada.', NULL, NULL, 0),
(223, 'radicar_email', 'secundario', 'botones/principal/defaut.png', 'E-mail', 'email.php', 'centro', 4, 10, '', NULL, NULL, 1),
(224, 'formato_digital', 'secundario', 'botones/principal/defaut.png', 'Plantillas digitales', 'formato_digital.php', 'centro', 0, 14, '', NULL, NULL, 1),
(240, 'despacho', 'secundario', 'botones/comentarios/package_go.png', 'Despachar un documento por correspondencia f&iacute;sica.', 'despachar_admin.php?doc=@key@', 'centro', 64, 47, '', NULL, NULL, 0),
(226, 'regenerar_pdf', 'secundario', 'botones/principal/defaut.png', 'Actualizar pdf', 'borrar_pdf.php', 'centro', 64, 1, '', NULL, NULL, 0),
(227, 'tareas', '1', 'botones/principal/defaut.png', 'Asignar una tarea al documento.', 'asignaciones/asignacionadd.php?key=@key@', 'centro', 64, 61, '', 'key', NULL, 1),
(1006, 'creacion_formatos', 'secundario', 'botones/configuracion/default.gif', 'Creaci&ograve;n formatos', '#', 'centro', 0, 1, '', '', 0, 0),
(233, 'enviar_documento_correo', 'secundario', 'botones/comentarios/email_add.png', 'Enviar el documento por e-mail.', 'email/email_doc.php?formato_enviar=true=@key@', 'centro', 64, 46, '', 'key', NULL, 1),
(219, 'terminar_documento', 'secundario', 'botones/comentarios/terminar.png', 'Terminar documento.', 'documentoTerminar.php?doc=@key@', 'centro', 64, 80, '', NULL, NULL, 0),
(235, 'graficos_reportes', 'secundario', 'botones/comentarios/graficos_reportes.png', 'Graficos y reportes', 'graficos/listado_graficos.php?iddoc=@key@', 'centro', 64, 127, '', 'key', NULL, 1),
(237, 'carta', '1', 'botones/principal/defaut.png', 'Carta', 'formatos/mostrar_carta.php', 'centro', 236, 1, '', NULL, NULL, 0),
(238, 'memorando', '1', 'botones/principal/defaut.png', 'Memorando', 'formatos/mostrar_memo.php', 'centro', 236, 1, '', NULL, NULL, 0),
(242, 'Almacenamiento', 'secundario', 'botones/comentarios/almacenar.png', 'Almacenar el documento f&iacute;sicamente.', 'almacenamientoadd.php?documentos=@key@', 'centro', 64, 65, '', 'key', NULL, 1),
(291, 'organizacion', '1', 'botones/principal/defaut.png', 'Organizacion', 'auxiliar2.php?modulo=7', 'menu', 0, 4, '', NULL, NULL, 0),
(232, 'editar_expediente', 'secundario', 'botones/principal/defaut.png', 'Editar expediente', '#', 'centro', 0, 1, '', NULL, NULL, 1),
(236, 'modulo_formatos', 'secundario', 'botones/principal/defaut.png', 'Formatos', '#', 'centro', 0, 1, '', NULL, NULL, 0),
(243, 'admin_almacenamiento', 'secundario', 'botones/principal/defaut.png', 'Administracion almacenamiento', '#', 'centro', 0, 1, '', NULL, NULL, 1),
(1027, 'formatos_proceso', '1', 'botones/formatos/modulo.gif', '3. Formatos', 'formatos/mostrar_formatos_proceso.php', 'centro', 20, 1, 'Permite administrar el formato 3. Formatos.', NULL, NULL, 0),
(200, 'dias_habiles', 'secundario', 'botones/principal/calendario.png', 'Dias laborales', 'calendario/festivos_list.php', 'centro', 291, 14, '', NULL, NULL, 0),
(19, 'editar', 'secundario', 'botones/comentarios/editar_documento.png', 'Editar informaci&oacute;n del documento.', 'documentoedit.php?key=@key@', 'centro', 64, 60, '', NULL, NULL, 0),
(30, 'adicionar_pag', 'secundario', 'botones/comentarios/adicionar.png', 'Adicionar nuevas p&aacute;ginas al documento.', 'paginaadd.php?x_enlace=viewKEY;=@key@', 'centro', 64, 20, '', NULL, NULL, 0),
(31, 'seguimiento', 'secundario', 'botones/comentarios/seguir_rastro.png', 'Seguir rastro y trazabilidad del documento.', 'doctransflist.php?doc=@key@', 'centro', 64, 5, '', 'key', NULL, 0),
(32, 'imprimir_radicado', 'secundario', 'botones/comentarios/imprimir_radicado.png', 'Imprimir el n&uacute;mero de radicado.', 'colilla.php?doc=@key@', 'centro', 64, 75, '', NULL, NULL, 0),
(28, 'ordenar_pag', 'secundario', 'botones/comentarios/ordenar.png', 'Ordenar p&aacute;ginas del documento.', 'ordenar.php?key=@key@', 'centro', 64, 15, '', NULL, NULL, 0),
(189, 'mostrar_documentos', 'secundario', 'botones/comentarios/ver_documentos.png', 'Ver p&aacute;ginas del documento.', 'ordenar.php?accion=mostrar&mostrar_formato=1&key=@key@', 'centro', 64, 10, '', NULL, NULL, 0),
(126, 'documento_siguiente', '1', 'botones/principal/defaut.png', 'Siguiente documento.', 'ordenar.php?accion=mostrar&mostrar_doc=sig', 'centro', 64, 127, '', 'sig', NULL, 1),
(127, 'documento_anterior', '1', 'botones/principal/defaut.png', 'Anterior documento.', 'ordenar.php?accion=mostrar&mostrar_doc=ant', 'centro', 64, 127, '', 'ant', NULL, 1),
(192, 'devolucion', 'secundario', 'botones/comentarios/devolver_documento.png', 'Devolver el documento. ', 'class_transferencia.php?funcion=formato_devolucionIDDOC;=@key@', 'centro', 64, 50, '', NULL, NULL, 0),
(193, 'detalles', 'secundario', 'botones/comentarios/detalles.png', 'Informaci&oacute;n general del documento.', 'documentoview.php?key=@key@', 'centro', 64, 1, '', NULL, NULL, 0),
(194, 'responder', 'secundario', 'botones/comentarios/responder_documento.png', 'Dar respuesta al documento.', 'responder.php?key=@key@', 'centro', 64, 40, '', NULL, NULL, 0),
(195, 'transferir', 'principal', 'botones/comentarios/transferir_documento.png', 'Transferir el documento a otro(s) funcionario(s).', 'transferenciaadd.php?doc=@key@&mostrar=1&key=@key@', 'centro', 64, 45, '', NULL, NULL, 0),
(196, 'administrar_comentario', 'secundario', 'botones/comentarios/editar_nota.png', 'Editar notas post-it.', 'comentario_img.php?key=@key@', 'centro', 64, 35, '', NULL, NULL, 0),
(197, 'adicionar_comentario', 'secundario', 'botones/comentarios/adicionar_nota.png', 'Adicionar notas post-it.', 'comentario_img.php?accion=adicionarKEY;=@key@', 'centro', 64, 2, '', NULL, NULL, 0),
(1013, 'listado_flujos', 'secundario', 'botones/principal/defaut.png', 'Listado de flujos', 'pantallas/buscador_principal.php?idbusqueda=23', 'centro', 2, 1, '', '', 0, 1),
(1, 'radicacion', '1', 'botones/principal/defaut.png', 'Radicacion', 'auxiliar2.php?modulo=1', 'menu', 0, 2, '', NULL, NULL, 0),
(2, 'configuracion', '1', 'botones/principal/configuracion.png', 'Configuracion', 'auxiliar2.php?modulo=2', 'menu', 0, 3, '', NULL, NULL, 0),
(4, 'documento', '1', 'botones/principal/defaut.png', 'Documentos', 'auxiliar2.php?modulo=4', 'menu', 0, 1, '', NULL, NULL, 0),
(5, 'ejecutor', 'principal', 'botones/principal/ejecutor.png', 'Remitentes', 'pantallas/buscador_principal.php?idbusqueda=12', 'centro', 291, 6, '', NULL, NULL, 0),
(6, 'radicacion_entrada_formulario', '1', 'botones/principal/radicacion_entrada.png', 'Ingresar', 'busqueda_categoria.php?idcategoria_formato=1', 'centro', 1, 2, '', '', 0, 0),
(9, 'contador', 'principal', 'botones/principal/defaut.png', 'Contador', '#', 'centro', 0, 1, '', NULL, NULL, 1),
(10, 'configuracion', 'principal', 'botones/principal/configuracion.png', 'Configuracion', 'pantallas/buscador_principal.php?idbusqueda=19', 'centro', 2, 8, '', '', 0, 1),
(12, 'cargo', 'principal', 'botones/principal/cargo.png', 'Cargos', 'cargo.php', 'centro', 291, 3, '', NULL, NULL, 0),
(13, 'dependencia_cargo', 'principal', 'botones/principal/dependencia_cargo.png', 'Roles', 'pantallas/buscador_principal.php?idbusqueda=11', 'centro', 291, 4, '', NULL, NULL, 0),
(14, 'serie', 'principal', 'botones/principal/serie.png', 'Series', 'serielist.php', 'centro', 2, 5, '', NULL, NULL, 0),
(15, 'funcionario', 'principal', 'botones/principal/funcionario.png', 'Funcionarios', 'pantallas/buscador_principal.php?idbusqueda=1', 'centro', 291, 2, '', NULL, NULL, 0),
(16, 'dependencia', 'principal', 'botones/principal/dependencia.png', 'Dependencias', 'dependencia.php', 'centro', 291, 1, '', NULL, NULL, 0),
(17, 'permiso', 'principal', 'botones/principal/permiso.png', 'Permisos', 'permiso_perfiladd.php', 'centro', 291, 7, '', '', 0, 0),
(18, 'enrutar', 'principal', 'botones/principal/defaut.png', 'Enrutar', 'rutaadd.php', 'centro', 0, 3, '', NULL, NULL, 1),
(44, 'formatos', 'secundario', 'botones/principal/formatos.png', 'Formatos', 'responder.php?formato=no', 'centro', 4, 6, '', NULL, NULL, 0),
(45, 'gestion', 'secundario', 'botones/principal/gestion.png', 'Documentos hist&oacute;ricos', 'pantallas/buscador_principal.php?idbusqueda=4', 'centro', 4, 3, '', NULL, NULL, 0),
(1034, 'crear_guias', '1', 'botones/formatos/modulo.gif', 'Crear 6. Gu&iacute;as', 'formatos/adicionar_guias.php', 'centro', 1006, 1, 'Permite crear 6. Gu&iacute;as.', NULL, NULL, 0),
(50, 'No_transferidos', 'secundario', 'botones/principal/sin_transferir.png', 'Por transferir', 'pantallas/buscador_principal.php?idbusqueda=8', 'centro', 1, 5, '', NULL, NULL, 0),
(23, 'lsalidas', 'secundario', 'botones/principal/salidaslist.png', 'Tramitados', 'pantallas/buscador_principal.php?idbusqueda=13', 'centro', 1, 7, '', NULL, NULL, 0),
(24, 'genera_ingreso', 'secundario', 'botones/principal/generar.png', 'Radicar', 'colilla.php?pagina=pend&enlace=documentolist.php?estado=INICIADO', 'centro', 1, 1, '', NULL, NULL, 0),
(25, 'detalle', 'secundario', 'botones/principal/defaut.png', 'Detalles', '#', 'centro', 3, 4, '', NULL, NULL, 0),
(265, 'reporte', '1', 'botones/principal/defaut.png', 'Reporte', 'reportes/prueba.php', 'centro', 4, 20, '', NULL, NULL, 0),
(266, 'permiso_busqueda_general', '1', '#', 'Busqueda general', '#', 'centro', 0, 127, '', NULL, NULL, 0),
(1026, 'crear_procedimientos', '1', 'botones/formatos/modulo.gif', 'Crear 2. Procedimientos', 'formatos/adicionar_procedimientos.php', 'centro', 1006, 1, 'Permite crear 2. Procedimientos.', NULL, NULL, 0),
(565, 'generar_salida', 'secundario', 'botones/principal/defaut.png', 'Generar salida', 'documentolistsal.php?generar_consecutivo=salida', 'centro', 1, 3, '', '', 0, 0),
(585, 'pendientes_salida', 'secundario', 'botones/principal/defaut.png', 'Pendientes salida', 'pantallas/buscador_principal.php?idbusqueda=10', 'centro', 1, 6, '', NULL, NULL, 0),
(625, 'solicitudes_mto_asignadas', 'secundario', 'botones/mantenimiento/asignados.png', 'Solicitudes de Mantenimiento Asignadas', 'solicitudes_mantenimiento.php?filtro=asignadas', 'centro', 605, 3, '', NULL, NULL, 1),
(626, 'solicitudes_mto_no_asignadas', 'secundario', 'botones/mantenimiento/no_asignados.png', 'Silicitudes de Mantenimiento sin asignar', 'solicitudes_mantenimiento.php?filtro=sin_asignar', 'centro', 605, 2, '', NULL, NULL, 1),
(627, 'solicitudes_mto_propias', 'secundario', 'botones/mantenimiento/propios.png', 'Solicitudes de Mantenimiento Propias', 'solicitudes_mantenimiento.php?filtro=propios', 'centro', 605, 1, '', NULL, NULL, 1),
(628, 'solicitudes_mto_todas', 'secundario', 'botones/mantenimiento/todos.png', 'Solicitudes de Mantenimiento', 'solicitudes_mantenimiento.php?filtro=todos', 'centro', 605, 4, '', NULL, NULL, 1),
(645, 'proceso_mantenimiento', 'secundario', 'botones/mantenimiento/mantenimiento.png', 'Solicitudes de Mantenimiento', 'listado_modulos_institucionales.php', 'centro', 4, 10, '', NULL, NULL, 1),
(646, 'solicitudes_propias', 'secundario', 'botones/mantenimiento/propios.png', 'solicitudes propias', 'solicitudes_mantenimiento.php?filtro=propios', 'centro', 645, 11, '', NULL, NULL, 1),
(605, 'proceso_mantenimiento', 'primario', 'botones/mantenimiento/mantenimiento.png', 'Solicitudes de Mantenimiento', '#', 'centro', 0, 10, '', NULL, NULL, 1),
(665, 'modulos', 'secundario', 'botones/principal/defaut.png', 'Modulos', 'pantallas/buscador_principal.php?idbusqueda=16', 'centro', 2, 6, '', NULL, NULL, 1),
(685, 'adicionar_listado', 'secundario', 'botones/principal/defaut.png', 'Listados', 'pantallas/buscador_principal.php?idbusqueda=20', 'centro', 2, 7, '', '', 0, 0),
(705, 'radicados_por_dia', 'secundario', 'botones/principal/defaut.png', 'Radicados por d&iacute;a', 'radicadoslist.php', 'centro', 1, 11, '', NULL, NULL, 0),
(725, 'ayuda', 'secundario', 'botones/principal/defaut.png', 'Ayuda', 'ayuda.php', 'centro', 4, 13, '', NULL, NULL, 0),
(765, 'listado_planes_mejoramiento', 'primario', 'botones/principal/defaut.png', 'Planes de Mejoramiento', '#', 'centro', 0, 14, '', NULL, NULL, 1),
(1030, 'crear_indicadores', '1', 'botones/formatos/modulo.gif', 'Crear 4. Indicadores', 'formatos/adicionar_indicadores.php', 'centro', 1006, 1, 'Permite crear 4. Indicadores.', NULL, NULL, 0),
(1031, 'instructivos', '1', 'botones/formatos/modulo.gif', '5. Instructivos', 'formatos/mostrar_instructivos.php', 'centro', 20, 1, 'Permite administrar el formato 5. Instructivos.', NULL, NULL, 0),
(1032, 'crear_instructivos', '1', 'botones/formatos/modulo.gif', 'Crear 5. Instructivos', 'formatos/adicionar_instructivos.php', 'centro', 1006, 1, 'Permite crear 5. Instructivos.', NULL, NULL, 0),
(1033, 'guias', '1', 'botones/formatos/modulo.gif', '6. Gu&iacute;as', 'formatos/mostrar_guias.php', 'centro', 20, 1, 'Permite administrar el formato 6. Gu&iacute;as.', NULL, NULL, 0),
(135, 'clasificar', 'secundario', 'botones/comentarios/clasificar_documento.png', 'Clasificar el documento en la organizaci&oacute;n.', 'clasificar.php?origen=viewIDDOCUMENTO;=@key@', 'centro', 64, 55, '', NULL, NULL, 0),
(20, 'proceso', 'principal', 'botones/principal/en_proceso.png', 'Proceso', 'pantallas/buscador_principal.php?idbusqueda=9', 'centro', 1, 5, '', NULL, NULL, 0),
(1040, 'busqueda_total_documentos', 'secundario', 'botones/principal/buscar_general.png', 'Busqueda total de documentos', 'pantallas/buscador_principal.php?idbusqueda=27', 'centro', 4, 6, '', '', 0, 0),
(63, 'ruta', 'secundario', 'botones/principal/defaut.png', 'Rutas', 'rutalist.php', 'centro', 291, 13, '', NULL, NULL, 1),
(64, 'menu_ordenar', 'secundario', 'botones/principal/defaut.png', 'Ordenar', '#', 'centro', 0, 14, '', NULL, NULL, 0),
(142, 'activar_documento', 'secundario', 'botones/principal/activar.png', 'Activar documentos', 'pantallas/buscador_principal.php?idbusqueda=22', 'centro', 2, 11, '', '', 0, 0),
(38, 'editar_paginas', '0', 'botones/principal/defaut.png', 'Editar paginas', 'auxiliar2.php?modulo=38', 'menu', 0, 1, '', NULL, NULL, 0),
(33, 'documentos_pendientes', 'secundario', 'botones/principal/pendiente_usuario.png', 'Pendientes', 'pantallas/buscador_principal.php?idbusqueda=3', 'centro', 4, 1, '', NULL, NULL, 0),
(34, 'documentos_proceso', 'secundario', 'botones/principal/proceso_usuario.png', 'Proceso', 'pantallas/buscador_principal.php?idbusqueda=5', 'centro', 4, 2, '', NULL, NULL, 0),
(35, 'log', 'secundario', 'botones/principal/log.png', 'Historial', 'pantallas/buscador_principal.php?idbusqueda=21', 'centro', 2, 9, '', '', 0, 0),
(36, 'eliminar_pagina', 'secundario', 'images/eliminar_pagina.png', 'Eliminar pagina', 'paginadelete.php', 'centro', 0, 6, '', NULL, NULL, 0),
(41, 'envio_copias', 'secundario', 'botones/principal/defaut.png', 'Permiso copias', '#', 'centro', 0, 1, '', NULL, NULL, 0),
(42, 'almacenamiento', 'secundario', 'botones/principal/almacenar.png', 'Almacenamiento', 'cajagraf.php', 'centro', 1, 8, '', NULL, NULL, 1),
(1017, 'crear_mision_calidad', '1', 'botones/formatos/modulo.gif', 'Crear 1. Misi&oacute;n', 'formatos/adicionar_mision_calidad.php', 'centro', 1006, 1, 'Permite crear 1. Misi&oacute;n.', NULL, NULL, 0),
(1018, 'politica_calidad', '1', 'botones/formatos/modulo.gif', '3. Pol&iacute;tica de Calidad', 'formatos/mostrar_politica_calidad.php', 'centro', 236, 1, 'Permite administrar el formato 3. Pol&iacute;tica de Calidad.', NULL, NULL, 0),
(1019, 'crear_politica_calidad', '1', 'botones/formatos/modulo.gif', 'Crear 3. Pol&iacute;tica de Calidad', 'formatos/adicionar_politica_calidad.php', 'centro', 1006, 1, 'Permite crear 3. Pol&iacute;tica de Calidad.', NULL, NULL, 0),
(1025, 'procedimientos', '1', 'botones/formatos/modulo.gif', '2. Procedimientos', 'formatos/mostrar_procedimientos.php', 'centro', 20, 1, 'Permite administrar el formato 2. Procedimientos.', NULL, NULL, 0),
(1024, 'crear_caracterizacion', '1', 'botones/formatos/modulo.gif', 'Crear 1. Caracterizaci&oacute;n', 'formatos/adicionar_caracterizacion.php', 'centro', 1006, 1, 'Permite crear 1. Caracterizaci&oacute;n.', NULL, NULL, 0),
(1023, 'caracterizacion', '1', 'botones/formatos/modulo.gif', '1. Caracterizaci&oacute;n', 'formatos/mostrar_caracterizacion.php', 'centro', 20, 1, 'Permite administrar el formato 1. Caracterizaci&oacute;n.', NULL, NULL, 0),
(1022, 'crear_proceso', '1', 'botones/formatos/modulo.gif', 'Crear 5. MAPA DE PROCESOS', 'formatos/adicionar_proceso.php', 'centro', 1006, 1, 'Permite crear 5. MAPA DE PROCESOS.', NULL, NULL, 0),
(1020, 'objetivos_calidad', '1', 'botones/formatos/modulo.gif', '4. Objetivos de Calidad', 'formatos/mostrar_objetivos_calidad.php', 'centro', 236, 1, 'Permite administrar el formato 4. Objetivos de Calidad.', NULL, NULL, 0),
(852, 'vincular_documento_hojavida', 'secundario', 'botones/principal/defaut.png', 'Vincular documento con hoja de vida', '#', 'detalles', 64, 8, '', NULL, NULL, 0),
(857, 'vincular_documento', 'secundario', 'botones/principal/defaut.png', 'Vincular documentos', 'vincular_documentoview.php?iddoc=@key@', 'centro', 64, 10, '', NULL, 0, 0),
(1016, 'mision_calidad', '1', 'botones/formatos/modulo.gif', '1. Misi&oacute;n', 'formatos/mostrar_mision_calidad.php', 'centro', 236, 1, 'Permite administrar el formato 1. Misi&oacute;n.', NULL, NULL, 0),
(806, 'manual_carta', 'secundario', 'botones/principal/defaut.png', 'Manual Elaboraci&AACUTE;;n de Cartas', 'ayudas/Manual_carta.pdf', '_blank', 807, 1, '', NULL, NULL, 0),
(808, 'configuracion_de_pagina', 'secundario', 'botones/principal/defaut.png', 'Manual para configurar p&AACUTE;;gina', 'ayudas/Instructivo_configuracion_pagina.pdf', '_blank', 807, 2, '', NULL, NULL, 0),
(809, 'manual_busquedas', 'secundario', 'botones/principal/defaut.png', 'Manual de B&UACUTE;;squedas', 'ayudas/Manual_busquedas.pdf', '_blank', 807, 3, '', NULL, NULL, 0),
(810, 'manual_circular_externa', 'secundario', 'botones/principal/defaut.png', 'Manual Circular Externa', 'ayudas/Manual_circular_externa.pdf', '_blank', 807, 4, '', NULL, NULL, 0),
(811, 'manual_circular_interna', 'secundario', 'botones/principal/defaut.png', 'Manual Circular Interna', 'ayudas/Manual_circular_interna.pdf', '_blank', 807, 5, '', NULL, NULL, 0),
(812, 'manual_documentos_pendientes', 'secundario', 'botones/principal/defaut.png', 'Manual Documentos Pendientes', 'ayudas/Manual_Documentos_Pendientes.pdf', '_blank', 807, 6, '', NULL, NULL, 0),
(813, 'manual_memorando', 'secundario', 'botones/principal/defaut.png', 'Manual Memorando', 'ayudas/Manual_memorando.pdf', '_blank', 807, 7, '', NULL, NULL, 0),
(814, 'manual_menu_detalles', 'secundario', 'botones/principal/defaut.png', 'Manual Men&UACUTE;; Detalles', 'ayudas/Manual_Menu_Detalles.pdf', '_blank', 807, 8, '', NULL, NULL, 0),
(817, 'pqr_menu', 'secundario', 'botones/principal/defaut.png', 'pqr', 'pqr_menu.php', 'centro', 4, 2, '', NULL, NULL, 0),
(820, 'adicionar_etiqueta', 'secundario', 'botones/formatos/font_add.png', 'Adicionar etiqueta', 'etiqueta.php?accion=seleccionar_etiquetaKEY;=@key@', 'centro', 64, 20, '', NULL, 0, 0),
(821, 'slider', 'secundario', 'botones/principal/defaut.png', 'Carrusel', 'carrusel/sliderconfig.php', 'centro', 2, 5, '', NULL, NULL, 0),
(825, 'hojas_vida', 'secundario', 'botones/principal/defaut.png', 'Hojas de Vida', 'hoja_vidalist.php', 'centro', 0, 5, '', NULL, NULL, 1),
(1021, 'crear_objetivos_calidad', '1', 'botones/formatos/modulo.gif', 'Crear 4. Objetivos de Calidad', 'formatos/adicionar_objetivos_calidad.php', 'centro', 1006, 1, 'Permite crear 4. Objetivos de Calidad.', NULL, NULL, 0),
(844, 'adicionar_hoja_vida', 'secundario', 'botones/principal/defaut.png', 'Adicionar hoja vida', 'formatos/hoja_vida/adicionar_hoja_vida.php', 'centro', 843, 1, '', NULL, NULL, 0),
(849, 'adicionar_estructura_hoja_vida', 'secundario', 'botones/principal/defaut.png', 'Adicionar Estructura', 'formatos/estructura_hoja_vida/adicionar_estructura_hoja_vida.php', 'centro', 843, 6, '', NULL, 0, 0),
(1005, 'listar_estructura_hojas_vida', 'secundario', 'botones/principal/defaut.png', 'Listar Estructura', 'pantallas/buscador_principal.php?idbusqueda=15', 'centro', 843, 7, '', NULL, 0, 0),
(1015, 'crear_vision_calidad', '1', 'botones/formatos/modulo.gif', 'Crear 2. Visi&oacute;n', 'formatos/adicionar_vision_calidad.php', 'centro', 1006, 1, 'Permite crear 2. Visi&oacute;n.', NULL, NULL, 0),
(807, 'ayuda_modulos', 'primario', 'botones/principal/defaut.png', 'Ayudas', '#', 'centro', 0, 1, '', NULL, NULL, 0),
(815, 'entrega_documentos', 'secundario', 'botones/principal/defaut.png', 'Entrega Documentos', 'reportes/entrega_documentos.php', 'centro', 1, 15, '', NULL, NULL, 0),
(1008, 'radicacion_entrada', '1', 'botones/formatos/modulo.gif', 'Entrada', 'formatos/mostrar_radicacion_entrada.php', 'centro', 236, 1, 'Permite administrar el formato Entrada.', NULL, NULL, 0),
(823, 'enviar_documento_correo', 'secundario', 'botones/comentarios/email_add.png', 'Enviar el documento por e-mail.', 'email/email_doc.php?formato_enviar=true=@key@', 'centro', 64, 64, '', 'key', NULL, 1),
(1029, 'indicadores', '1', 'botones/formatos/modulo.gif', '4. Indicadores', 'formatos/mostrar_indicadores.php', 'centro', 20, 1, 'Permite administrar el formato 4. Indicadores.', NULL, NULL, 0),
(1028, 'crear_formatos_proceso', '1', 'botones/formatos/modulo.gif', 'Crear 3. Formatos', 'formatos/adicionar_formatos_proceso.php', 'centro', 1006, 1, 'Permite crear 3. Formatos.', NULL, NULL, 0),
(830, 'procesos', '1', 'botones/principal/defaut.png', 'Procesos', 'auxiliar2.php?modulo=830', 'centro', 0, 5, '', NULL, NULL, 0),
(859, 'verificar_flujo', 'secundario', 'botones/principal/flujos.png', 'Flujos pendientes', 'linea_tiempo.php', 'centro', 4, 0, '', NULL, 0, 0),
(860, 'verificar_flujo_documento', 'secundario', 'botones/workflow/verificar_flujo.png', 'Verificar flujo', 'flujos_documento.php?key=@key@', 'centro', 64, 3, '', 'key', 0, 0),
(861, 'Workflow', 'primario', 'botones/principal/defaut.png', 'Flujo de informacion', 'workflow/mapeo_diagrama.php?key=@key@', 'centro', NULL, 1, '', 'key', NULL, 0),
(862, 'terminar_actividad_paso_manual', 'secundario', 'botones/principal/defaut.png', 'Terminar la actividad del paso', 'workflow/terminar_actividad_paso.php?idactividad_paso=@actividad_paso@', '_self', 861, 1, '', 'actividad_paso', NULL, 0),
(864, 'busqueda_total_series', 'secundario', 'botones/principal/defaut.png', 'Busqueda total en las series', '#', 'centro', 0, 1, '', NULL, 0, 0),
(1035, 'manuales', '1', 'botones/formatos/modulo.gif', '7. Manuales', 'formatos/mostrar_manuales.php', 'centro', 20, 1, 'Permite administrar el formato 7. Manuales.', NULL, NULL, 0),
(1036, 'crear_manuales', '1', 'botones/formatos/modulo.gif', 'Crear 7. Manuales', 'formatos/adicionar_manuales.php', 'centro', 1006, 1, 'Permite crear 7. Manuales.', NULL, NULL, 0),
(1037, 'otros', '1', 'botones/formatos/modulo.gif', '8. Otros', 'formatos/mostrar_otros.php', 'centro', 20, 1, 'Permite administrar el formato 8. Otros.', NULL, NULL, 0),
(1038, 'crear_otros', '1', 'botones/formatos/modulo.gif', 'Crear 8. Otros', 'formatos/adicionar_otros.php', 'centro', 1006, 1, 'Permite crear 8. Otros.', NULL, NULL, 0),
(1039, 'crear_carta', '1', 'botones/formatos/modulo.gif', 'Crear Carta', 'formatos/adicionar_carta.php', 'centro', 1006, 1, 'Permite crear Carta.', NULL, NULL, 0);

INSERT INTO permiso_perfil (idpermiso_perfil, modulo_idmodulo, perfil_idperfil, caracteristica_propio, caracteristica_grupo, caracteristica_total) VALUES
(311, 8, 5, 'l,a,m,e', NULL, NULL),
(388, 185, 5, NULL, NULL, NULL),
(351, 197, 1, 'l,a,m,e', NULL, NULL),
(352, 185, 1, 'l,a,m,e', NULL, NULL),
(353, 196, 1, 'l,a,m,e', NULL, NULL),
(354, 198, 1, 'l,a,m,e', NULL, NULL),
(355, 193, 1, 'l,a,m,e', NULL, NULL),
(356, 192, 1, 'l,a,m,e', NULL, NULL),
(357, 191, 1, 'l,a,m,e', NULL, NULL),
(358, 190, 1, 'l,a,m,e', NULL, NULL),
(359, 183, 1, 'l,a,m,e', NULL, NULL),
(360, 120, 1, 'l,a,m,e', NULL, NULL),
(361, 184, 1, 'l,a,m,e', NULL, NULL),
(362, 187, 1, 'l,a,m,e', NULL, NULL),
(363, 189, 1, 'l,a,m,e', NULL, NULL),
(364, 188, 1, 'l,a,m,e', NULL, NULL),
(365, 194, 1, 'l,a,m,e', NULL, NULL),
(366, 186, 1, 'l,a,m,e', NULL, NULL),
(367, 195, 1, 'l,a,m,e', NULL, NULL),
(368, 1, 1, 'l,a,m,e', NULL, NULL),
(369, 2, 1, 'l,a,m,e', NULL, NULL),
(370, 3, 1, 'l,a,m,e', NULL, NULL),
(371, 44, 2, 'l,a,m,e', NULL, NULL),
(372, 44, 3, 'l,a,m,e', NULL, NULL),
(373, 44, 4, 'l,a,m,e', NULL, NULL),
(374, 44, 5, 'l,a,m,e', NULL, NULL),
(375, 44, 6, 'l,a,m,e', NULL, NULL),
(1546, 240, 3, NULL, NULL, NULL),
(1545, 135, 3, NULL, NULL, NULL),
(1544, 231, 3, NULL, NULL, NULL),
(1543, 242, 3, NULL, NULL, NULL),
(1542, 196, 3, NULL, NULL, NULL),
(1541, 64, 3, NULL, NULL, NULL),
(384, 186, 6, NULL, NULL, NULL),
(385, 186, 5, NULL, NULL, NULL),
(386, 189, 5, NULL, NULL, NULL),
(387, 193, 5, NULL, NULL, NULL),
(389, 188, 5, NULL, NULL, NULL),
(390, 195, 5, NULL, NULL, NULL),
(537, 237, 2, 'l,a,m,e', 'l,a,m,e', 'l,a,m,e'),
(1211, 135, 6, 'l,a,m,e', NULL, NULL),
(538, 238, 2, 'l,a,m,e', 'l,a,m,e', 'l,a,m,e'),
(541, 237, 5, 'l,a,m,e', 'l,a,m,e', 'l,a,m,e'),
(542, 238, 5, 'l,a,m,e', 'l,a,m,e', 'l,a,m,e'),
(591, 213, 6, 'l,a,m,e', NULL, NULL),
(671, 525, 1, 'l,a,m,e', NULL, NULL),
(691, 210, 1, 'l,a,m,e', NULL, NULL),
(692, 232, 1, 'l,a,m,e', NULL, NULL),
(711, 46, 6, 'l,a,m,e', NULL, NULL),
(751, 565, 1, 'l,a,m,e', 'l,a,m,e', 'l,a,m,e'),
(771, 585, 1, 'l,a,m,e', 'l,a,m,e', 'l,a,m,e'),
(791, 605, 1, 'l,a,m,e', NULL, NULL),
(851, 685, 1, 'l,a,m,e', NULL, NULL),
(891, 705, 1, 'l,a,m,e', NULL, NULL),
(911, 725, 1, 'l,a,m,e', NULL, NULL),
(1133, 197, 1, 'l,a,m,e', NULL, NULL),
(951, 765, 1, 'l,a,m,e', NULL, NULL),
(974, 805, 1, 'l,a,m,e', NULL, NULL),
(1051, 865, 1, 'l,a,m,e', NULL, NULL),
(1091, 905, 1, 'l,a,m,e', NULL, NULL),
(1111, 325, 1, 'l,a,m,e', NULL, NULL),
(1112, 305, 1, 'l,a,m,e', NULL, NULL),
(491, 225, 1, 'l,a,m,e', NULL, NULL),
(270, 27, 1, 'l,a,m,e', NULL, NULL),
(3, 23, 1, 'l,e,m,a', 'l,e,m,a', 'l,e,m,a'),
(230, 42, 1, 'l,a,m,e', NULL, NULL),
(1, 6, 1, 'l,e,m,a', 'l,e,m,a', 'l,e,m,a'),
(4, 20, 1, 'l,e,m,a', 'l,e,m,a', 'l,e,m,a'),
(5, 21, 1, 'l,e,m,a', 'l,e,m,a', 'l,e,m,a'),
(6, 24, 1, 'l,e,m,a', 'l,e,m,a', 'l,e,m,a'),
(7, 14, 1, 'l,e,m,a', 'l,e,m,a', 'l,e,m,a'),
(8, 15, 1, 'l,e,m,a', 'l,e,m,a', 'l,e,m,a'),
(9, 17, 1, 'l,e,m,a', 'l,e,m,a', 'l,e,m,a'),
(10, 16, 1, 'l,e,m,a', 'l,e,m,a', 'l,e,m,a'),
(11, 13, 1, 'l,e,m,a', 'l,e,m,a', 'l,e,m,a'),
(12, 12, 1, 'l,e,m,a', 'l,e,m,a', 'l,e,m,a'),
(13, 11, 1, 'l,e,m,a', 'l,e,m,a', 'l,e,m,a'),
(14, 5, 1, 'l,e,m,a', 'l,e,m,a', 'l,e,m,a'),
(15, 10, 1, 'l,e,m,a', 'l,e,m,a', 'l,e,m,a'),
(16, 9, 1, 'l,e,m,a', 'l,e,m,a', 'l,e,m,a'),
(17, 35, 1, 'l,e,m,a', 'l,e,m,a', 'l,e,m,a'),
(18, 8, 1, 'l,e,m,a', 'l,e,m,a', 'l,e,m,a'),
(19, 18, 1, 'l,e,m,a', 'l,e,m,a', 'l,e,m,a'),
(20, 19, 1, 'l,e,m,a', 'l,e,m,a', 'l,e,m,a'),
(22, 32, 1, 'l,e,m,a', 'l,e,m,a', 'l,e,m,a'),
(23, 31, 1, 'l,e,m,a', 'l,e,m,a', 'l,e,m,a'),
(24, 37, 1, 'l,e,m,a', 'l,e,m,a', 'l,e,m,a'),
(25, 41, 1, 'l,e,m,a', 'l,e,m,a', 'l,e,m,a'),
(26, 30, 1, 'l,e,m,a', 'l,e,m,a', 'l,e,m,a'),
(27, 28, 1, 'l,e,m,a', 'l,e,m,a', 'l,e,m,a'),
(28, 29, 1, 'l,e,m,a', 'l,e,m,a', 'l,e,m,a'),
(29, 27, 1, 'l,e,m,a', 'l,e,m,a', 'l,e,m,a'),
(30, 26, 1, 'l,e,m,a', 'l,e,m,a', 'l,e,m,a'),
(31, 36, 1, 'l,e,m,a', 'l,e,m,a', 'l,e,m,a'),
(32, 39, 1, 'l,e,m,a', 'l,e,m,a', 'l,e,m,a'),
(33, 40, 1, 'l,e,m,a', 'l,e,m,a', 'l,e,m,a'),
(34, 33, 1, 'l,e,m,a', 'l,e,m,a', 'l,e,m,a'),
(35, 34, 1, 'l,e,m,a', 'l,e,m,a', 'l,e,m,a'),
(36, 8, 6, 'l,a,m,e', 'l,a,m,e', 'l,a,m,e'),
(37, 29, 6, 'l,e,m,a', 'l,e,m,a', NULL),
(38, 39, 6, 'l,e,m,a', 'l,e,m,a', NULL),
(39, 33, 6, 'l,e,m,a', 'l,e,m,a', NULL),
(40, 34, 6, 'l,e,m,a', 'l,e,m,a', NULL),
(252, 55, 1, 'l,a,m,e', NULL, NULL),
(1284, 209, 8, 'l,a,m,e', NULL, NULL),
(1281, 916, 6, 'l,a,m,e', NULL, NULL),
(58, 8, 4, 'l,e,m,a', 'l,e,m,a', NULL),
(59, 18, 4, 'l,e,m,a', 'l,e,m,a', NULL),
(60, 25, 4, 'l,e,m,a', 'l,e,m,a', NULL),
(61, 31, 4, 'l,e,m,a', 'l,e,m,a', NULL),
(62, 37, 4, 'l,e,m,a', 'l,e,m,a', NULL),
(63, 29, 4, 'l,e,m,a', 'l,e,m,a', NULL),
(64, 39, 4, 'l,e,m,a', 'l,e,m,a', NULL),
(65, 40, 4, 'l,e,m,a', 'l,e,m,a', NULL),
(66, 33, 4, 'l,e,m,a', 'l,e,m,a', NULL),
(67, 34, 4, 'l,e,m,a', 'l,e,m,a', NULL),
(1280, 916, 2, 'l,a,m,e', NULL, NULL),
(69, 27, 4, 'l,e,m,a', 'l,e,m,a', NULL),
(1360, 906, 10, 'l,a,m,e', NULL, NULL),
(72, 8, 3, 'l,e,m,a', 'l,e,m,a', NULL),
(1364, 213, 10, 'l,a,m,e', NULL, NULL),
(1586, 1030, 1, 'l,e,m,a', NULL, NULL),
(1560, 226, 3, NULL, NULL, NULL),
(76, 37, 3, 'l,e,m,a', 'l,e,m,a', NULL),
(77, 29, 3, 'l,e,m,a', 'l,e,m,a', NULL),
(78, 39, 3, 'l,e,m,a', 'l,e,m,a', NULL),
(79, 40, 3, 'l,e,m,a', 'l,e,m,a', NULL),
(80, 33, 3, 'l,e,m,a', 'l,e,m,a', NULL),
(81, 34, 3, 'l,e,m,a', 'l,e,m,a', NULL),
(1363, 213, 3, 'l,a,m,e', NULL, NULL),
(83, 27, 3, 'l,e,m,a', 'l,e,m,a', NULL),
(1279, 916, 3, 'l,a,m,e', NULL, NULL),
(86, 8, 2, 'l,e,m,a', 'l,e,m,a', NULL),
(87, 18, 2, 'l,e,m,a', 'l,e,m,a', NULL),
(88, 25, 2, 'l,e,m,a', 'l,e,m,a', NULL),
(89, 31, 2, 'l,e,m,a', 'l,e,m,a', NULL),
(90, 37, 2, 'l,e,m,a', 'l,e,m,a', NULL),
(91, 29, 2, 'l,e,m,a', 'l,e,m,a', NULL),
(92, 39, 2, 'l,e,m,a', 'l,e,m,a', NULL),
(93, 40, 2, 'l,e,m,a', 'l,e,m,a', NULL),
(94, 33, 2, 'l,e,m,a', 'l,e,m,a', NULL),
(95, 34, 2, 'l,e,m,a', 'l,e,m,a', NULL),
(1365, 213, 2, 'l,a,m,e', NULL, NULL),
(97, 27, 2, 'l,e,m,a', 'l,e,m,a', NULL),
(1366, 213, 5, 'l,a,m,e', NULL, NULL),
(533, 237, 1, 'l,a,m,e', 'l,a,m,e', 'l,a,m,e'),
(132, 44, 1, 'l,a,m,e', 'l,a,m,e', 'l,a,m,e'),
(133, 46, 1, 'l,a,m,e', 'l,a,m,e', 'l,a,m,e'),
(134, 45, 1, 'l,a,m,e', 'l,a,m,e', 'l,a,m,e'),
(135, 47, 1, 'l,a,m,e', 'l,a,m,e', 'l,a,m,e'),
(154, 50, 1, 'l,a,m,e', NULL, NULL),
(1209, 197, 6, 'l,a,m,e', NULL, NULL),
(534, 238, 1, 'l,a,m,e', 'l,a,m,e', 'l,a,m,e'),
(151, 37, 6, 'l,a,m,e', NULL, NULL),
(211, 39, 5, 'l,e,m,a', 'l,e,m,a', NULL),
(212, 33, 5, 'l,e,m,a', 'l,e,m,a', NULL),
(213, 34, 5, 'l,e,m,a', 'l,e,m,a', NULL),
(1578, 1008, 5, 'l,e,m,a', NULL, NULL),
(216, 32, 5, 'l,a,m,e', 'l,a,m,e', 'l,a,m,e'),
(217, 31, 5, 'l,a,m,e', NULL, NULL),
(218, 37, 5, 'l,a,m,e', NULL, NULL),
(972, 786, 1, 'l,a,m,e', NULL, NULL),
(1367, 213, 1, 'l,a,m,e', NULL, NULL),
(1368, 213, 8, 'l,a,m,e', NULL, NULL),
(1358, 52, 5, 'l,a,m,e', NULL, NULL),
(250, 25, 6, 'l,a,m,e', NULL, NULL),
(251, 31, 6, 'l,a,m,e', NULL, NULL),
(535, 237, 3, 'l,a,m,e', 'l,a,m,e', 'l,a,m,e'),
(536, 238, 3, 'l,a,m,e', 'l,a,m,e', 'l,a,m,e'),
(571, 209, 6, 'l,a,m,e', NULL, NULL),
(731, 48, 6, 'l,a,m,e', NULL, NULL),
(971, 787, 1, 'l,a,m,e', NULL, NULL),
(973, 785, 1, 'l,a,m,e', NULL, NULL),
(298, 7, 1, 'l,a,m,e', NULL, NULL),
(313, 55, 5, 'l,a,m,e', NULL, NULL),
(331, 45, 6, 'l,a,m,e', NULL, NULL),
(411, 194, 1, NULL, NULL, NULL),
(412, 194, 2, NULL, NULL, NULL),
(1561, 194, 3, NULL, NULL, NULL),
(414, 194, 4, NULL, NULL, NULL),
(415, 194, 5, NULL, NULL, NULL),
(417, 192, 2, NULL, NULL, NULL),
(1550, 126, 3, NULL, NULL, NULL),
(419, 192, 4, NULL, NULL, NULL),
(420, 192, 5, NULL, NULL, NULL),
(431, 165, 1, NULL, NULL, NULL),
(432, 165, 2, NULL, NULL, NULL),
(433, 165, 3, NULL, NULL, NULL),
(434, 165, 4, NULL, NULL, NULL),
(435, 165, 5, NULL, NULL, NULL),
(436, 165, 6, NULL, NULL, NULL),
(451, 196, 2, NULL, NULL, NULL),
(1555, 235, 3, NULL, NULL, NULL),
(453, 196, 4, NULL, NULL, NULL),
(454, 196, 5, NULL, NULL, NULL),
(456, 197, 2, NULL, NULL, NULL),
(457, 197, 3, NULL, NULL, NULL),
(458, 197, 4, NULL, NULL, NULL),
(459, 197, 5, NULL, NULL, NULL),
(1210, 227, 6, 'l,a,m,e', NULL, NULL),
(513, 237, 3, 'l,a,m,e', NULL, NULL),
(514, 238, 3, 'l,a,m,e', NULL, NULL),
(515, 237, 2, 'l,a,m,e', NULL, NULL),
(516, 238, 2, 'l,a,m,e', NULL, NULL),
(517, 237, 2, 'l,a,m,e', NULL, NULL),
(518, 238, 2, 'l,a,m,e', NULL, NULL),
(519, 237, 4, 'l,a,m,e', NULL, NULL),
(520, 238, 4, 'l,a,m,e', NULL, NULL),
(539, 237, 4, 'l,a,m,e', 'l,a,m,e', 'l,a,m,e'),
(540, 238, 4, 'l,a,m,e', 'l,a,m,e', 'l,a,m,e'),
(611, 208, 1, 'l,a,m,e', NULL, NULL),
(297, 7, 1, 'l,a,m,e', NULL, NULL),
(1134, 30, 1, 'l,a,m,e', NULL, NULL),
(1012, 325, 16696, 'l,a,m,e', NULL, NULL),
(811, 48, 1, 'l,a,m,e', NULL, NULL),
(831, 665, 1, 'l,a,m,e', NULL, NULL),
(991, 546, 6, 'l,a,m,e', NULL, NULL),
(992, 545, 6, 'l,a,m,e', NULL, NULL),
(1031, 845, 1, 'l,a,m,e', NULL, NULL),
(1032, 846, 1, 'l,a,m,e', NULL, NULL),
(1071, 885, 1, 'l,a,m,e', NULL, NULL),
(1092, 905, 1, 'l,a,m,e', NULL, NULL),
(1113, 142, 1, 'l,a,m,e', NULL, NULL),
(1114, 685, 1, 'l,a,m,e', NULL, NULL),
(1115, 229, 1, 'l,a,m,e', NULL, NULL),
(1116, 228, 1, 'l,a,m,e', NULL, NULL),
(1117, 10, 1, 'l,a,m,e', NULL, NULL),
(1118, 208, 1, 'l,a,m,e', NULL, NULL),
(1119, 35, 1, 'l,a,m,e', NULL, NULL),
(1120, 665, 1, 'l,a,m,e', NULL, NULL),
(1121, 54, 1, 'l,a,m,e', NULL, NULL),
(1122, 14, 1, 'l,a,m,e', NULL, NULL),
(1123, 142, 1, 'l,a,m,e', NULL, NULL),
(1124, 685, 1, 'l,a,m,e', NULL, NULL),
(1125, 229, 1, 'l,a,m,e', NULL, NULL),
(1126, 228, 1, 'l,a,m,e', NULL, NULL),
(1127, 10, 1, 'l,a,m,e', NULL, NULL),
(1128, 208, 1, 'l,a,m,e', NULL, NULL),
(1129, 35, 1, 'l,a,m,e', NULL, NULL),
(1130, 665, 1, 'l,a,m,e', NULL, NULL),
(1131, 54, 1, 'l,a,m,e', NULL, NULL),
(1132, 14, 1, 'l,a,m,e', NULL, NULL),
(1135, 242, 1, 'l,a,m,e', NULL, NULL),
(1136, 127, 1, 'l,a,m,e', NULL, NULL),
(1137, 227, 1, 'l,a,m,e', NULL, NULL),
(1138, 135, 1, 'l,a,m,e', NULL, NULL),
(1139, 218, 1, 'l,a,m,e', NULL, NULL),
(1140, 194, 1, 'l,a,m,e', NULL, NULL),
(1141, 240, 1, 'l,a,m,e', NULL, NULL),
(1142, 192, 1, 'l,a,m,e', NULL, NULL),
(1143, 19, 1, 'l,a,m,e', NULL, NULL),
(1144, 196, 1, 'l,a,m,e', NULL, NULL),
(1239, 916, 1, 'l,a,m,e', NULL, NULL),
(1146, 235, 1, 'l,a,m,e', NULL, NULL),
(1147, 32, 1, 'l,a,m,e', NULL, NULL),
(1148, 209, 1, 'l,a,m,e', NULL, NULL),
(1149, 193, 1, 'l,a,m,e', NULL, NULL),
(1150, 28, 1, 'l,a,m,e', NULL, NULL),
(1151, 31, 1, 'l,a,m,e', NULL, NULL),
(1152, 126, 1, 'l,a,m,e', NULL, NULL),
(1153, 219, 1, 'l,a,m,e', NULL, NULL),
(1154, 195, 1, 'l,a,m,e', NULL, NULL),
(1155, 189, 1, 'l,a,m,e', NULL, NULL),
(1156, 231, 1, 'l,a,m,e', NULL, NULL),
(1157, 243, 8, 'l,a,m,e', NULL, NULL),
(1158, 142, 8, 'l,a,m,e', NULL, NULL),
(1159, 229, 8, 'l,a,m,e', NULL, NULL),
(1160, 54, 8, 'l,a,m,e', NULL, NULL),
(1161, 14, 8, 'l,a,m,e', NULL, NULL),
(1162, 725, 8, 'l,a,m,e', NULL, NULL),
(1163, 165, 8, 'l,a,m,e', NULL, NULL),
(1164, 46, 8, 'l,a,m,e', NULL, NULL),
(1165, 44, 8, 'l,a,m,e', NULL, NULL),
(1166, 45, 8, 'l,a,m,e', NULL, NULL),
(1167, 48, 8, 'l,a,m,e', NULL, NULL),
(1168, 33, 8, 'l,a,m,e', NULL, NULL),
(1169, 34, 8, 'l,a,m,e', NULL, NULL),
(1170, 52, 8, 'l,a,m,e', NULL, NULL),
(1171, 230, 8, 'l,a,m,e', NULL, NULL),
(1172, 38, 8, 'l,a,m,e', NULL, NULL),
(1173, 213, 8, 'l,a,m,e', NULL, NULL),
(1174, 36, 8, 'l,a,m,e', NULL, NULL),
(1175, 197, 8, 'l,a,m,e', NULL, NULL),
(1176, 30, 8, 'l,a,m,e', NULL, NULL),
(1177, 242, 8, 'l,a,m,e', NULL, NULL),
(1178, 227, 8, 'l,a,m,e', NULL, NULL),
(1179, 135, 8, 'l,a,m,e', NULL, NULL),
(1180, 194, 8, 'l,a,m,e', NULL, NULL),
(1181, 192, 8, 'l,a,m,e', NULL, NULL),
(1182, 19, 8, 'l,a,m,e', NULL, NULL),
(1183, 196, 8, 'l,a,m,e', NULL, NULL),
(1184, 209, 8, 'l,a,m,e', NULL, NULL),
(1185, 193, 8, 'l,a,m,e', NULL, NULL),
(1186, 28, 8, 'l,a,m,e', NULL, NULL),
(1187, 31, 8, 'l,a,m,e', NULL, NULL),
(1188, 219, 8, 'l,a,m,e', NULL, NULL),
(1189, 195, 8, 'l,a,m,e', NULL, NULL),
(1190, 189, 8, 'l,a,m,e', NULL, NULL),
(1191, 231, 8, 'l,a,m,e', NULL, NULL),
(1192, 910, 8, 'l,a,m,e', NULL, NULL),
(1193, 912, 8, 'l,a,m,e', NULL, NULL),
(1194, 911, 8, 'l,a,m,e', NULL, NULL),
(1195, 909, 8, 'l,a,m,e', NULL, NULL),
(1196, 908, 8, 'l,a,m,e', NULL, NULL),
(1197, 913, 8, 'l,a,m,e', NULL, NULL),
(1198, 12, 8, 'l,a,m,e', NULL, NULL),
(1199, 16, 8, 'l,a,m,e', NULL, NULL),
(1200, 200, 8, 'l,a,m,e', NULL, NULL),
(1201, 15, 8, 'l,a,m,e', NULL, NULL),
(1202, 5, 8, 'l,a,m,e', NULL, NULL),
(1203, 13, 8, 'l,a,m,e', NULL, NULL),
(1204, 246, 8, 'l,a,m,e', NULL, NULL),
(1205, 266, 8, 'l,a,m,e', NULL, NULL),
(1206, 89, 8, 'l,a,m,e', NULL, NULL),
(1207, 53, 8, 'l,a,m,e', NULL, NULL),
(1208, 23, 8, 'l,a,m,e', NULL, NULL),
(1212, 194, 6, 'l,a,m,e', NULL, NULL),
(1213, 192, 6, 'l,a,m,e', NULL, NULL),
(1214, 196, 6, 'l,a,m,e', NULL, NULL),
(1216, 193, 6, 'l,a,m,e', NULL, NULL),
(1218, 219, 6, 'l,a,m,e', NULL, NULL),
(1219, 195, 6, 'l,a,m,e', NULL, NULL),
(1220, 189, 6, 'l,a,m,e', NULL, NULL),
(1221, 231, 6, 'l,a,m,e', NULL, NULL),
(1222, 52, 6, 'l,a,m,e', NULL, NULL),
(1223, 237, 1, 'l,a,m,e', NULL, NULL),
(1224, 238, 1, 'l,a,m,e', NULL, NULL),
(1225, 238, 1, 'l,a,m,e', NULL, NULL),
(1226, 906, 1, NULL, NULL, NULL),
(1227, 52, 1, 'l,a,m,e', NULL, NULL),
(1228, 53, 1, 'l,a,m,e', NULL, NULL),
(1229, 54, 1, 'l,a,m,e', NULL, NULL),
(1230, 246, 1, 'l,a,m,e', NULL, NULL),
(1362, 213, 6, 'l,a,m,e', NULL, NULL),
(1359, 52, 3, 'l,a,m,e', NULL, NULL),
(1233, 52, 4, 'l,a,m,e', NULL, NULL),
(1234, 52, 2, 'l,a,m,e', NULL, NULL),
(1235, 52, 6, 'l,a,m,e', NULL, NULL),
(1236, 237, 6, 'l,a,m,e', NULL, NULL),
(1237, 238, 6, 'l,a,m,e', NULL, NULL),
(1238, 208, 1, 'l,a,m,e', NULL, NULL),
(1240, 17, 8, 'l,a,m,e', NULL, NULL),
(1241, 237, 8, 'l,a,m,e', NULL, NULL),
(1242, 916, 8, 'l,a,m,e', NULL, NULL),
(1243, 238, 8, 'l,a,m,e', NULL, NULL),
(1244, 46, 2, 'l,a,m,e', NULL, NULL),
(1245, 45, 2, 'l,a,m,e', NULL, NULL),
(1246, 48, 2, 'l,a,m,e', NULL, NULL),
(1247, 46, 3, 'l,a,m,e', NULL, NULL),
(1248, 45, 3, 'l,a,m,e', NULL, NULL),
(1249, 48, 3, 'l,a,m,e', NULL, NULL),
(1250, 46, 6, 'l,a,m,e', NULL, NULL),
(1251, 45, 6, 'l,a,m,e', NULL, NULL),
(1252, 48, 6, 'l,a,m,e', NULL, NULL),
(1253, 46, 4, 'l,a,m,e', NULL, NULL),
(1254, 45, 4, 'l,a,m,e', NULL, NULL),
(1255, 48, 4, 'l,a,m,e', NULL, NULL),
(1256, 46, 5, 'l,a,m,e', NULL, NULL),
(1257, 45, 5, 'l,a,m,e', NULL, NULL),
(1258, 48, 5, 'l,a,m,e', NULL, NULL),
(1558, 189, 3, NULL, NULL, NULL),
(1557, 32, 3, NULL, NULL, NULL),
(1262, 219, 2, 'l,a,m,e', NULL, NULL),
(1263, 195, 2, 'l,a,m,e', NULL, NULL),
(1264, 189, 2, 'l,a,m,e', NULL, NULL),
(1265, 231, 2, 'l,a,m,e', NULL, NULL),
(1553, 823, 3, NULL, NULL, NULL),
(1267, 219, 6, 'l,a,m,e', NULL, NULL),
(1268, 195, 6, 'l,a,m,e', NULL, NULL),
(1269, 189, 6, 'l,a,m,e', NULL, NULL),
(1270, 231, 6, 'l,a,m,e', NULL, NULL),
(1271, 219, 4, 'l,a,m,e', NULL, NULL),
(1272, 195, 4, 'l,a,m,e', NULL, NULL),
(1273, 189, 4, 'l,a,m,e', NULL, NULL),
(1274, 231, 4, 'l,a,m,e', NULL, NULL),
(1573, 219, 5, 'l,e,m,a', NULL, NULL),
(1276, 195, 5, 'l,a,m,e', NULL, NULL),
(1277, 189, 5, 'l,a,m,e', NULL, NULL),
(1278, 231, 5, 'l,a,m,e', NULL, NULL),
(1282, 916, 4, 'l,a,m,e', NULL, NULL),
(1283, 916, 5, 'l,a,m,e', NULL, NULL),
(1285, 209, 1, 'l,a,m,e', NULL, NULL),
(1286, 209, 6, 'l,a,m,e', NULL, NULL),
(1287, 209, 5, 'l,a,m,e', NULL, NULL),
(1565, 195, 3, NULL, NULL, NULL),
(1289, 209, 2, 'l,a,m,e', NULL, NULL),
(1290, 209, 2, 'l,a,m,e', NULL, NULL),
(1291, 209, 4, 'l,a,m,e', NULL, NULL),
(1292, 194, 5, 'l,a,m,e', NULL, NULL),
(1293, 193, 5, 'l,a,m,e', NULL, NULL),
(1585, 1034, 1, 'l,e,m,a', NULL, NULL),
(1295, 194, 4, 'l,a,m,e', NULL, NULL),
(1296, 193, 4, 'l,a,m,e', NULL, NULL),
(1297, 219, 4, 'l,a,m,e', NULL, NULL),
(1298, 194, 2, 'l,a,m,e', NULL, NULL),
(1299, 193, 2, 'l,a,m,e', NULL, NULL),
(1300, 219, 2, 'l,a,m,e', NULL, NULL),
(1301, 194, 6, 'l,a,m,e', NULL, NULL),
(1302, 193, 6, 'l,a,m,e', NULL, NULL),
(1303, 219, 6, 'l,a,m,e', NULL, NULL),
(1548, 192, 3, NULL, NULL, NULL),
(1547, 193, 3, NULL, NULL, NULL),
(1307, 54, 10, 'l,a,m,e', NULL, NULL),
(1308, 14, 10, 'l,a,m,e', NULL, NULL),
(1309, 725, 10, 'l,a,m,e', NULL, NULL),
(1310, 165, 10, 'l,a,m,e', NULL, NULL),
(1311, 46, 10, 'l,a,m,e', NULL, NULL),
(1312, 44, 10, 'l,a,m,e', NULL, NULL),
(1313, 45, 10, 'l,a,m,e', NULL, NULL),
(1314, 48, 10, 'l,a,m,e', NULL, NULL),
(1315, 52, 10, 'l,a,m,e', NULL, NULL),
(1316, 213, 10, 'l,a,m,e', NULL, NULL),
(1317, 33, 10, 'l,a,m,e', NULL, NULL),
(1318, 34, 10, 'l,a,m,e', NULL, NULL),
(1319, 197, 10, 'l,a,m,e', NULL, NULL),
(1320, 30, 10, 'l,a,m,e', NULL, NULL),
(1321, 135, 10, 'l,a,m,e', NULL, NULL),
(1322, 194, 10, 'l,a,m,e', NULL, NULL),
(1323, 240, 10, 'l,a,m,e', NULL, NULL),
(1324, 192, 10, 'l,a,m,e', NULL, NULL),
(1325, 19, 10, 'l,a,m,e', NULL, NULL),
(1326, 196, 10, 'l,a,m,e', NULL, NULL),
(1327, 209, 10, 'l,a,m,e', NULL, NULL),
(1328, 193, 10, 'l,a,m,e', NULL, NULL),
(1329, 28, 10, 'l,a,m,e', NULL, NULL),
(1330, 31, 10, 'l,a,m,e', NULL, NULL),
(1331, 219, 10, 'l,a,m,e', NULL, NULL),
(1332, 195, 10, 'l,a,m,e', NULL, NULL),
(1333, 189, 10, 'l,a,m,e', NULL, NULL),
(1334, 231, 10, 'l,a,m,e', NULL, NULL),
(1335, 237, 10, 'l,a,m,e', NULL, NULL),
(1336, 916, 10, 'l,a,m,e', NULL, NULL),
(1337, 238, 10, 'l,a,m,e', NULL, NULL),
(1338, 200, 10, 'l,a,m,e', NULL, NULL),
(1339, 15, 10, 'l,a,m,e', NULL, NULL),
(1340, 246, 10, 'l,a,m,e', NULL, NULL),
(1341, 52, 10, 'l,a,m,e', NULL, NULL),
(1342, 142, 10, 'l,a,m,e', NULL, NULL),
(1343, 216, 10, 'l,a,m,e', NULL, NULL),
(1361, 36, 10, 'l,a,m,e', NULL, NULL),
(1345, 89, 10, 'l,a,m,e', NULL, NULL),
(1346, 565, 10, 'l,a,m,e', NULL, NULL),
(1347, 6, 10, 'l,a,m,e', NULL, NULL),
(1348, 21, 10, 'l,a,m,e', NULL, NULL),
(1349, 585, 10, 'l,a,m,e', NULL, NULL),
(1350, 50, 10, 'l,a,m,e', NULL, NULL),
(1351, 20, 10, 'l,a,m,e', NULL, NULL),
(1353, 24, 10, 'l,a,m,e', NULL, NULL),
(1354, 7, 10, 'l,a,m,e', NULL, NULL),
(1355, 53, 10, 'l,a,m,e', NULL, NULL),
(1356, 23, 10, 'l,a,m,e', NULL, NULL),
(1357, 226, 10, 'l,a,m,e', NULL, NULL),
(1369, 919, 1, 'l,a,m,e', NULL, NULL),
(1370, 918, 1, 'l,a,m,e', NULL, NULL),
(1371, 919, 10, 'l,a,m,e', NULL, NULL),
(1372, 919, 3, 'l,a,m,e', NULL, NULL),
(1373, 919, 6, 'l,a,m,e', NULL, NULL),
(1374, 919, 6, 'l,a,m,e', NULL, NULL),
(1375, 919, 2, 'l,a,m,e', NULL, NULL),
(1376, 919, 4, 'l,a,m,e', NULL, NULL),
(1377, 919, 5, 'l,a,m,e', NULL, NULL),
(1378, 919, 8, 'l,a,m,e', NULL, NULL),
(1379, 918, 10, 'l,a,m,e', NULL, NULL),
(1380, 918, 3, 'l,a,m,e', NULL, NULL),
(1381, 918, 6, 'l,a,m,e', NULL, NULL),
(1382, 918, 2, 'l,a,m,e', NULL, NULL),
(1383, 918, 4, 'l,a,m,e', NULL, NULL),
(1384, 918, 5, 'l,a,m,e', NULL, NULL),
(1385, 918, 8, 'l,a,m,e', NULL, NULL),
(1386, 200, 1, 'l,a,m,e', NULL, NULL),
(1387, 928, 1, NULL, NULL, NULL),
(1388, 926, 1, NULL, NULL, NULL),
(1389, 927, 1, NULL, NULL, NULL),
(1390, 927, 6, NULL, NULL, NULL),
(1391, 928, 6, NULL, NULL, NULL),
(1392, 936, 1, NULL, NULL, NULL),
(1393, 935, 1, NULL, NULL, NULL),
(1394, 936, 6, NULL, NULL, NULL),
(1395, 929, 6, NULL, NULL, NULL),
(1396, 931, 6, NULL, NULL, NULL),
(1397, 933, 6, NULL, NULL, NULL),
(1398, 934, 6, NULL, NULL, NULL),
(1399, 933, 4, NULL, NULL, NULL),
(1400, 931, 4, NULL, NULL, NULL),
(1401, 934, 4, NULL, NULL, NULL),
(1402, 929, 4, NULL, NULL, NULL),
(1403, 928, 4, NULL, NULL, NULL),
(1404, 936, 4, NULL, NULL, NULL),
(1405, 927, 4, NULL, NULL, NULL),
(1406, 927, 2, NULL, NULL, NULL),
(1407, 933, 2, NULL, NULL, NULL),
(1408, 931, 2, NULL, NULL, NULL),
(1409, 929, 2, NULL, NULL, NULL),
(1410, 934, 2, NULL, NULL, NULL),
(1411, 928, 2, NULL, NULL, NULL),
(1412, 936, 2, NULL, NULL, NULL),
(1413, 929, 3, NULL, NULL, NULL),
(1414, 933, 3, NULL, NULL, NULL),
(1415, 931, 3, NULL, NULL, NULL),
(1416, 934, 3, NULL, NULL, NULL),
(1417, 928, 3, NULL, NULL, NULL),
(1418, 936, 3, NULL, NULL, NULL),
(1419, 927, 3, NULL, NULL, NULL),
(1420, 927, 8, NULL, NULL, NULL),
(1421, 936, 8, NULL, NULL, NULL),
(1422, 928, 8, NULL, NULL, NULL),
(1423, 929, 8, NULL, NULL, NULL),
(1424, 933, 8, NULL, NULL, NULL),
(1425, 934, 8, NULL, NULL, NULL),
(1426, 931, 8, NULL, NULL, NULL),
(1427, 938, 1, NULL, NULL, NULL),
(1428, 940, 1, NULL, NULL, NULL),
(1429, 942, 1, NULL, NULL, NULL),
(1430, 939, 1, NULL, NULL, NULL),
(1431, 941, 1, NULL, NULL, NULL),
(1432, 937, 1, NULL, NULL, NULL),
(1433, 948, 1, NULL, NULL, NULL),
(1434, 947, 1, NULL, NULL, NULL),
(1435, 956, 1, NULL, NULL, NULL),
(1436, 922, 1, NULL, NULL, NULL),
(1437, 962, 6, NULL, NULL, NULL),
(1438, 962, 3, NULL, NULL, NULL),
(1439, 972, 1, NULL, NULL, NULL),
(1440, 973, 1, NULL, NULL, NULL),
(1441, 974, 1, NULL, NULL, NULL),
(1442, 975, 1, NULL, NULL, NULL),
(1443, 243, 1, NULL, NULL, NULL),
(1444, 205, 1, NULL, NULL, NULL),
(1445, 206, 1, NULL, NULL, NULL),
(1446, 204, 1, NULL, NULL, NULL),
(1447, 807, 1, NULL, NULL, NULL),
(1448, 808, 1, NULL, NULL, NULL),
(1449, 809, 1, NULL, NULL, NULL),
(1450, 806, 1, NULL, NULL, NULL),
(1451, 810, 1, NULL, NULL, NULL),
(1452, 811, 1, NULL, NULL, NULL),
(1453, 812, 1, NULL, NULL, NULL),
(1454, 813, 1, NULL, NULL, NULL),
(1455, 814, 1, NULL, NULL, NULL),
(1456, 266, 1, NULL, NULL, NULL),
(1457, 864, 1, NULL, NULL, NULL),
(1458, 821, 1, NULL, NULL, NULL),
(1459, 1006, 1, NULL, NULL, NULL),
(1460, 1007, 1, NULL, NULL, NULL),
(1584, 1028, 1, 'l,e,m,a', NULL, NULL),
(1462, 230, 1, NULL, NULL, NULL),
(1580, 1013, 1, 'l,e,m,a', NULL, NULL),
(1464, 819, 1, NULL, NULL, NULL),
(1583, 1024, 1, 'l,e,m,a', NULL, NULL),
(1582, 63, 1, 'l,e,m,a', NULL, NULL),
(1469, 858, 1, NULL, NULL, NULL),
(1471, 38, 1, NULL, NULL, NULL),
(1472, 214, 1, NULL, NULL, NULL),
(1473, 861, 1, NULL, NULL, NULL),
(1474, 862, 1, NULL, NULL, NULL),
(1475, 236, 1, NULL, NULL, NULL),
(1506, 236, 3, NULL, NULL, NULL),
(1477, 843, 1, NULL, NULL, NULL),
(1577, 236, 5, 'l,e,m,a', NULL, NULL),
(1576, 64, 1, 'l,e,m,a', NULL, NULL),
(1481, 825, 1, NULL, NULL, NULL),
(1482, 820, 1, NULL, NULL, NULL),
(1483, 233, 1, NULL, NULL, NULL),
(1484, 823, 1, NULL, NULL, NULL),
(1485, 226, 1, NULL, NULL, NULL),
(1486, 860, 1, NULL, NULL, NULL),
(1487, 857, 1, NULL, NULL, NULL),
(1488, 863, 1, NULL, NULL, NULL),
(1489, 852, 1, NULL, NULL, NULL),
(1491, 216, 1, NULL, NULL, NULL),
(1581, 291, 1, 'l,e,m,a', NULL, NULL),
(1493, 203, 1, NULL, NULL, NULL),
(1494, 224, 1, NULL, NULL, NULL),
(1495, 830, 1, NULL, NULL, NULL),
(1496, 828, 1, NULL, NULL, NULL),
(1497, 841, 1, NULL, NULL, NULL),
(1498, 815, 1, NULL, NULL, NULL),
(1499, 89, 1, NULL, NULL, NULL),
(1500, 866, 1, NULL, NULL, NULL),
(1501, 43, 1, NULL, NULL, NULL),
(1502, 625, 1, NULL, NULL, NULL),
(1503, 626, 1, NULL, NULL, NULL),
(1504, 627, 1, NULL, NULL, NULL),
(1505, 628, 1, NULL, NULL, NULL),
(1528, 1008, 3, NULL, NULL, NULL),
(1508, 820, 3, NULL, NULL, NULL),
(1509, 30, 3, NULL, NULL, NULL),
(1554, 218, 3, NULL, NULL, NULL),
(1552, 233, 3, NULL, NULL, NULL),
(1551, 19, 3, NULL, NULL, NULL),
(1549, 127, 3, NULL, NULL, NULL),
(1587, 1032, 1, 'l,e,m,a', NULL, NULL),
(1569, 0, 0, NULL, NULL, NULL),
(1566, 860, 3, NULL, NULL, NULL),
(1564, 219, 3, NULL, NULL, NULL),
(1563, 227, 3, NULL, NULL, NULL),
(1562, 31, 3, NULL, NULL, NULL),
(1559, 28, 3, NULL, NULL, NULL),
(1556, 209, 3, NULL, NULL, NULL),
(1588, 1036, 1, 'l,e,m,a', NULL, NULL),
(1529, 1008, 3, NULL, NULL, NULL),
(1536, 1008, 1, NULL, NULL, NULL),
(1533, 0, 0, NULL, NULL, NULL),
(1534, 0, 0, NULL, NULL, NULL),
(1535, 0, 0, NULL, NULL, NULL),
(1589, 1017, 1, 'l,e,m,a', NULL, NULL),
(1590, 1021, 1, 'l,e,m,a', NULL, NULL),
(1591, 1038, 1, 'l,e,m,a', NULL, NULL),
(1592, 1019, 1, 'l,e,m,a', NULL, NULL),
(1593, 1026, 1, 'l,e,m,a', NULL, NULL),
(1594, 1022, 1, 'l,e,m,a', NULL, NULL),
(1595, 1015, 1, 'l,e,m,a', NULL, NULL),
(1596, 202, 1, 'l,e,m,a', NULL, NULL),
(1597, 1016, 1, 'l,e,m,a', NULL, NULL),
(1598, 1020, 1, 'l,e,m,a', NULL, NULL),
(1599, 1018, 1, 'l,e,m,a', NULL, NULL),
(1600, 1014, 1, 'l,e,m,a', NULL, NULL),
(1601, 1023, 1, 'l,e,m,a', NULL, NULL),
(1602, 1027, 1, 'l,e,m,a', NULL, NULL),
(1603, 1033, 1, 'l,e,m,a', NULL, NULL),
(1604, 1029, 1, 'l,e,m,a', NULL, NULL),
(1605, 1031, 1, 'l,e,m,a', NULL, NULL),
(1606, 1035, 1, 'l,e,m,a', NULL, NULL),
(1607, 1037, 1, 'l,e,m,a', NULL, NULL),
(1608, 1025, 1, 'l,e,m,a', NULL, NULL),
(1609, 1039, 1, 'l,e,m,a', NULL, NULL),
(1610, 1040, 1, 'l,e,m,a', NULL, NULL);

INSERT INTO serie (idserie, nombre, cod_padre, dias_entrega, codigo, tipo_entidad, llave_entidad, retencion_gestion, retencion_central, conservacion, digitalizacion, seleccion, otro, procedimiento, copia, tipo, clase, estado, categoria) VALUES
(1, 'Memorando', NULL, 8, NULL, NULL, NULL, 3, 5, NULL, NULL, NULL, NULL, NULL, 0, 0, 1, 1, 2),
(2, 'Prueba', NULL, 8, NULL, NULL, NULL, 3, 5, NULL, NULL, NULL, NULL, NULL, 0, 0, 1, 1, 2),
(3, 'Radicacion entrada', NULL, 8, NULL, NULL, NULL, 3, 5, NULL, NULL, NULL, NULL, NULL, 0, 0, 1, 1, 2),
(4, 'Serie prueba', NULL, 8, '1', NULL, NULL, 3, 5, NULL, NULL, NULL, NULL, NULL, 0, 0, 1, 1, 2),
(5, 'Carta', NULL, 8, NULL, NULL, NULL, 3, 5, NULL, NULL, NULL, NULL, NULL, 0, 0, 1, 1, 2),
(6, 'Prueba', NULL, 8, NULL, NULL, NULL, 3, 5, NULL, NULL, NULL, NULL, NULL, 0, 0, 1, 1, 2),
(7, 'prueba', NULL, 8, NULL, NULL, NULL, 3, 5, NULL, NULL, NULL, NULL, NULL, 0, 0, 1, 1, 2),
(8, '5. MAPA DE PROCESOS', NULL, 8, NULL, NULL, NULL, 3, 5, NULL, NULL, NULL, NULL, NULL, 0, 0, 1, 1, 2),
(9, '2. Visi&oacute;n', NULL, 8, NULL, NULL, NULL, 3, 5, NULL, NULL, NULL, NULL, NULL, 0, 0, 1, 1, 2),
(10, '1. Misi&oacute;n', NULL, 8, NULL, NULL, NULL, 3, 5, NULL, NULL, NULL, NULL, NULL, 0, 0, 1, 1, 2),
(11, '3. Pol&iacute;tica de Calidad', NULL, 8, NULL, NULL, NULL, 3, 5, NULL, NULL, NULL, NULL, NULL, 0, 0, 1, 1, 2),
(12, '4. Objetivos de Calidad', NULL, 8, NULL, NULL, NULL, 3, 5, NULL, NULL, NULL, NULL, NULL, 0, 0, 1, 1, 2),
(13, '1. Caracterizaci&oacute;n', NULL, 8, NULL, NULL, NULL, 3, 5, NULL, NULL, NULL, NULL, NULL, 0, 0, 1, 1, 2),
(14, '2. Procedimientos', NULL, 8, NULL, NULL, NULL, 3, 5, NULL, NULL, NULL, NULL, NULL, 0, 0, 1, 1, 2),
(15, '3. Formatos', NULL, 8, NULL, NULL, NULL, 3, 5, NULL, NULL, NULL, NULL, NULL, 0, 0, 1, 1, 2),
(16, '4. Indicadores', NULL, 8, NULL, NULL, NULL, 3, 5, NULL, NULL, NULL, NULL, NULL, 0, 0, 1, 1, 2),
(17, '5. Instructivos', NULL, 8, NULL, NULL, NULL, 3, 5, NULL, NULL, NULL, NULL, NULL, 0, 0, 1, 1, 2),
(18, '6. Gu&iacute;as', NULL, 8, NULL, NULL, NULL, 3, 5, NULL, NULL, NULL, NULL, NULL, 0, 0, 1, 1, 2),
(19, '7. Manuales', NULL, 8, NULL, NULL, NULL, 3, 5, NULL, NULL, NULL, NULL, NULL, 0, 0, 1, 1, 2),
(20, '8. Otros', NULL, 8, NULL, NULL, NULL, 3, 5, NULL, NULL, NULL, NULL, NULL, 0, 0, 1, 1, 2);

----formatos---------------

CREATE TABLE IF NOT EXISTS ft_caracterizacion (
  ft_proceso int(11) NOT NULL,
  serie_idserie int(11) NOT NULL DEFAULT '13',
  anexos varchar(255) NOT NULL,
  codigo varchar(255) NOT NULL,
  descripcion text,
  estado varchar(255) NOT NULL DEFAULT '0',
  fecha date NOT NULL,
  nombre varchar(255) NOT NULL,
  version int(11) NOT NULL DEFAULT '1',
  idft_caracterizacion int(11) NOT NULL AUTO_INCREMENT,
  documento_iddocumento int(11) NOT NULL,
  dependencia int(11) NOT NULL,
  encabezado int(11) NOT NULL DEFAULT '1',
  firma int(11) NOT NULL DEFAULT '1',
  ft_procesos_planeacion int(11) NOT NULL,
  PRIMARY KEY (idft_caracterizacion)
) ENGINE=MyISAM DEFAULT CHARSET=utf8 COLLATE=utf8_unicode_ci AUTO_INCREMENT=1 ;

----------------

CREATE TABLE IF NOT EXISTS ft_carta (
  contenido text NOT NULL,
  copiainterna text,
  fecha_carta date NOT NULL,
  anexos_fisicos text,
  iniciales varchar(255) NOT NULL,
  copia text,
  despedida varchar(255) DEFAULT NULL,
  serie_idserie int(11) DEFAULT '5',
  destinos text NOT NULL,
  asunto varchar(255) NOT NULL,
  anexos_digitales varchar(255) DEFAULT NULL,
  vercopiainterna char(1) NOT NULL DEFAULT '1',
  dependencia int(11) NOT NULL,
  encabezado int(11) NOT NULL DEFAULT '1',
  firma int(11) NOT NULL DEFAULT '1',
  documento_iddocumento int(11) NOT NULL,
  idft_carta int(11) NOT NULL AUTO_INCREMENT,
  varios_radicados int(11) NOT NULL,
  PRIMARY KEY (idft_carta)
) ENGINE=MyISAM DEFAULT CHARSET=utf8 COLLATE=utf8_unicode_ci AUTO_INCREMENT=1 ;

------------

CREATE TABLE IF NOT EXISTS ft_formatos_proceso (
  ft_proceso int(11) NOT NULL,
  serie_idserie int(11) NOT NULL DEFAULT '15',
  nombre varchar(255) NOT NULL,
  codigo varchar(255) NOT NULL,
  descripcion text,
  estado varchar(255) NOT NULL DEFAULT '0',
  fecha date NOT NULL,
  version int(11) NOT NULL DEFAULT '1',
  anexos varchar(255) NOT NULL,
  idft_formatos_proceso int(11) NOT NULL AUTO_INCREMENT,
  documento_iddocumento int(11) NOT NULL,
  dependencia int(11) NOT NULL,
  encabezado int(11) NOT NULL DEFAULT '1',
  firma int(11) NOT NULL DEFAULT '1',
  PRIMARY KEY (idft_formatos_proceso)
) ENGINE=MyISAM DEFAULT CHARSET=utf8 COLLATE=utf8_unicode_ci AUTO_INCREMENT=1 ;


-------------

CREATE TABLE IF NOT EXISTS ft_guias (
  ft_proceso int(11) NOT NULL,
  serie_idserie int(11) NOT NULL DEFAULT '18',
  anexos varchar(255) NOT NULL,
  codigo varchar(255) NOT NULL,
  descripcion text,
  fecha date NOT NULL,
  nombre varchar(255) NOT NULL,
  version varchar(255) NOT NULL DEFAULT '1',
  estado varchar(255) NOT NULL DEFAULT '0',
  idft_guias int(11) NOT NULL AUTO_INCREMENT,
  documento_iddocumento int(11) NOT NULL,
  dependencia int(11) NOT NULL,
  encabezado int(11) NOT NULL DEFAULT '1',
  firma int(11) NOT NULL DEFAULT '1',
  PRIMARY KEY (idft_guias)
) ENGINE=MyISAM DEFAULT CHARSET=utf8 COLLATE=utf8_unicode_ci AUTO_INCREMENT=1 ;

-----------

CREATE TABLE IF NOT EXISTS ft_indicadores (
  ft_proceso int(11) NOT NULL,
  serie_idserie int(11) NOT NULL DEFAULT '16',
  anexos varchar(255) NOT NULL,
  codigo varchar(255) NOT NULL,
  descripcion text,
  estado varchar(255) NOT NULL DEFAULT '0',
  fecha date NOT NULL,
  nombre varchar(255) NOT NULL,
  version varchar(11) NOT NULL DEFAULT '1',
  idft_indicadores int(11) NOT NULL AUTO_INCREMENT,
  documento_iddocumento int(11) NOT NULL,
  dependencia int(11) NOT NULL,
  encabezado int(11) NOT NULL DEFAULT '1',
  firma int(11) NOT NULL DEFAULT '1',
  PRIMARY KEY (idft_indicadores)
) ENGINE=MyISAM DEFAULT CHARSET=utf8 COLLATE=utf8_unicode_ci AUTO_INCREMENT=1 ;

------------

CREATE TABLE IF NOT EXISTS ft_instructivos (
  ft_proceso int(11) NOT NULL,
  serie_idserie int(11) NOT NULL DEFAULT '17',
  anexos varchar(255) NOT NULL,
  codigo varchar(255) NOT NULL,
  descripcion text,
  estado varchar(255) NOT NULL DEFAULT '0',
  fecha date NOT NULL,
  nombre varchar(255) NOT NULL,
  version varchar(255) NOT NULL DEFAULT '1',
  idft_instructivos int(11) NOT NULL AUTO_INCREMENT,
  documento_iddocumento int(11) NOT NULL,
  dependencia int(11) NOT NULL,
  encabezado int(11) NOT NULL DEFAULT '1',
  firma int(11) NOT NULL DEFAULT '1',
  PRIMARY KEY (idft_instructivos)
) ENGINE=MyISAM DEFAULT CHARSET=utf8 COLLATE=utf8_unicode_ci AUTO_INCREMENT=1 ;

---------------


CREATE TABLE IF NOT EXISTS ft_manuales (
  ft_proceso int(11) NOT NULL,
  serie_idserie int(11) NOT NULL DEFAULT '19',
  anexos varchar(255) NOT NULL,
  codigo varchar(255) NOT NULL,
  descripcion text,
  fecha date NOT NULL,
  nombre varchar(255) NOT NULL,
  version varchar(255) NOT NULL DEFAULT '1',
  estado varchar(255) NOT NULL DEFAULT '0',
  idft_manuales int(11) NOT NULL AUTO_INCREMENT,
  documento_iddocumento int(11) NOT NULL,
  dependencia int(11) NOT NULL,
  encabezado int(11) NOT NULL DEFAULT '1',
  firma int(11) NOT NULL DEFAULT '1',
  PRIMARY KEY (idft_manuales)
) ENGINE=MyISAM DEFAULT CHARSET=utf8 COLLATE=utf8_unicode_ci AUTO_INCREMENT=1 ;


------------

CREATE TABLE IF NOT EXISTS ft_memorando (
  fecha_memorando datetime NOT NULL,
  dependencia int(11) NOT NULL,
  destino text NOT NULL,
  copia text,
  asunto varchar(255) NOT NULL,
  contenido text NOT NULL,
  despedida varchar(255) NOT NULL,
  iniciales varchar(255) NOT NULL,
  anexos_fisicos text,
  serie_idserie int(11) DEFAULT '2596',
  documento_iddocumento int(11) NOT NULL,
  encabezado int(11) NOT NULL DEFAULT '1',
  firma int(11) NOT NULL DEFAULT '1',
  anexos text,
  idft_memorando int(11) NOT NULL AUTO_INCREMENT,
  origen varchar(255) DEFAULT NULL,
  PRIMARY KEY (idft_memorando)
) ENGINE=MyISAM DEFAULT CHARSET=utf8 COLLATE=utf8_unicode_ci AUTO_INCREMENT=1 ;

---------

CREATE TABLE IF NOT EXISTS ft_otros (
  ft_proceso int(11) NOT NULL,
  serie_idserie int(11) NOT NULL DEFAULT '20',
  anexos varchar(255) NOT NULL,
  codigo varchar(255) NOT NULL,
  descripcion text,
  fecha date NOT NULL,
  nombre varchar(255) NOT NULL,
  version varchar(255) NOT NULL DEFAULT '1',
  estado varchar(255) NOT NULL DEFAULT '0',
  idft_otros int(11) NOT NULL AUTO_INCREMENT,
  documento_iddocumento int(11) NOT NULL,
  dependencia int(11) NOT NULL,
  encabezado int(11) NOT NULL DEFAULT '1',
  firma int(11) NOT NULL DEFAULT '1',
  PRIMARY KEY (idft_otros)
) ENGINE=MyISAM DEFAULT CHARSET=utf8 COLLATE=utf8_unicode_ci AUTO_INCREMENT=1 ;

-----------


CREATE TABLE IF NOT EXISTS ft_procedimientos (
  ft_proceso int(11) NOT NULL,
  serie_idserie int(11) NOT NULL DEFAULT '14',
  anexos varchar(255) NOT NULL,
  codigo varchar(255) DEFAULT NULL,
  descripcion text,
  estado varchar(255) NOT NULL DEFAULT '0',
  fecha date NOT NULL,
  nombre varchar(255) NOT NULL,
  version int(11) NOT NULL DEFAULT '1',
  idft_procedimientos int(11) NOT NULL AUTO_INCREMENT,
  documento_iddocumento int(11) NOT NULL,
  dependencia int(11) NOT NULL,
  encabezado int(11) NOT NULL DEFAULT '1',
  firma int(11) NOT NULL DEFAULT '1',
  PRIMARY KEY (idft_procedimientos)
) ENGINE=MyISAM DEFAULT CHARSET=utf8 COLLATE=utf8_unicode_ci AUTO_INCREMENT=1 ;

-------------

CREATE TABLE IF NOT EXISTS ft_proceso (
  serie_idserie int(11) NOT NULL DEFAULT '8',
  lider_proceso varchar(255) NOT NULL,
  estado varchar(255) NOT NULL DEFAULT '0',
  anexos varchar(255) DEFAULT NULL,
  codigo varchar(255) DEFAULT NULL,
  descripcion text NOT NULL,
  fecha date NOT NULL,
  nombre varchar(255) NOT NULL,
  version int(11) NOT NULL DEFAULT '1',
  objetivo text NOT NULL,
  politica_operacion text,
  idft_proceso int(11) NOT NULL AUTO_INCREMENT,
  documento_iddocumento int(11) NOT NULL,
  dependencia int(11) NOT NULL,
  encabezado int(11) NOT NULL DEFAULT '1',
  firma int(11) NOT NULL DEFAULT '1',
  coordenadas varchar(255) DEFAULT NULL,
  PRIMARY KEY (idft_proceso)
) ENGINE=MyISAM DEFAULT CHARSET=utf8 COLLATE=utf8_unicode_ci AUTO_INCREMENT=1 ;

-------------


CREATE TABLE IF NOT EXISTS ft_radicacion_entrada (
  fecha_oficio_entrada datetime DEFAULT NULL,
  numero_oficio int(11) DEFAULT NULL,
  persona_natural varchar(255) NOT NULL,
  tiempo_respuesta int(11) DEFAULT NULL,
  descripcion text NOT NULL,
  anexos_fisicos int(11) DEFAULT NULL,
  descripcion_anexos text,
  anexos_digitales varchar(255) DEFAULT NULL,
  destino varchar(255) NOT NULL,
  copia_a varchar(255) DEFAULT NULL,
  idft_radicacion_entrada int(11) NOT NULL AUTO_INCREMENT,
  documento_iddocumento int(11) NOT NULL,
  dependencia int(11) NOT NULL,
  encabezado int(11) NOT NULL DEFAULT '1',
  firma int(11) NOT NULL DEFAULT '1',
  idflujo varchar(255) DEFAULT '1',
  serie_idserie int(11) DEFAULT '3',
  fecha_radicacion_entrada datetime NOT NULL,
  numero_radicado int(11) DEFAULT NULL,
  estado_radicado varchar(255) DEFAULT '1',
  PRIMARY KEY (idft_radicacion_entrada)
) ENGINE=MyISAM DEFAULT CHARSET=utf8 COLLATE=utf8_unicode_ci AUTO_INCREMENT=1 ;