{
  "name": "datatables.net-rowreorder",
  "description": "RowReorder for DataTables ",
  "main": [
    "js/dataTables.rowReorder.js"
  ],
  "keywords": [
    "row reordering",
    "DataTables",
    "jQuery",
    "table",
    "DataTables"
  ],
  "dependencies": {
    "jquery": ">=1.7",
    "datatables.net": ">=1.10.9"
  },
  "moduleType": [
    "globals",
    "amd",
    "node"
  ],
  "ignore": [
    "composer.json",
    "datatables.json",
    "package.json"
  ],
  "authors": [
    {
      "name": "SpryMedia Ltd",
      "homepage": "https://datatables.net"
    }
  ],
  "homepage": "https://datatables.net",
  "license": "MIT",
  "version": "1.1.0",
  "_release": "1.1.0",
  "_resolution": {
    "type": "version",
    "tag": "1.1.0",
    "commit": "25180af19f4508397b40b2cb37947f23afe91cbc"
  },
  "_source": "https://github.com/DataTables/Dist-DataTables-RowReorder.git",
  "_target": "1.1.0",
  "_originalSource": "datatables.net-rowreorder"
}