{
  "name": "blueimp-tmpl",
  "version": "2.5.4",
  "title": "JavaScript Templates",
  "description": "< 1KB lightweight, fast & powerful JavaScript templating engine with zero dependencies. Compatible with server-side environments like node.js, module loaders like RequireJS and all web browsers.",
  "keywords": [
    "javascript",
    "templates",
    "templating"
  ],
  "homepage": "https://github.com/blueimp/JavaScript-Templates",
  "author": {
    "name": "Sebastian Tschan",
    "url": "https://blueimp.net"
  },
  "maintainers": [
    {
      "name": "Sebastian Tschan",
      "url": "https://blueimp.net"
    }
  ],
  "repository": {
    "type": "git",
    "url": "git://github.com/blueimp/JavaScript-Templates.git"
  },
  "bugs": "https://github.com/blueimp/JavaScript-Templates/issues",
  "licenses": [
    {
      "type": "MIT",
      "url": "http://www.opensource.org/licenses/MIT"
    }
  ],
  "main": "js/tmpl.js",
  "ignore": [
    "/*.*",
    "css",
    "js/demo.js",
    "test"
  ],
  "_release": "2.5.4",
  "_resolution": {
    "type": "version",
    "tag": "2.5.4",
    "commit": "6be58f3f1c1083ef52b4e61a985709b489758f35"
  },
  "_source": "https://github.com/blueimp/JavaScript-Templates.git",
  "_target": "2.5.4",
  "_originalSource": "blueimp-tmpl"
}