{
  "name": "eonasdan-bootstrap-datetimepicker",
  "version": "4.14.30",
  "main": [
    "build/css/bootstrap-datetimepicker.min.css",
    "build/js/bootstrap-datetimepicker.min.js"
  ],
  "dependencies": {
    "jquery": ">=1.8.3",
    "moment": ">=2.9.0"
  },
  "homepage": "https://github.com/Eonasdan/bootstrap-datetimepicker",
  "authors": [
    "Eonasdan"
  ],
  "description": "bootstrap3 datetimepicker",
  "keywords": [
    "twitter-bootstrap",
    "bootstrap",
    "datepicker",
    "datetimepicker",
    "timepicker",
    "moment"
  ],
  "license": "MIT",
  "private": false,
  "ignore": [
    "**/.*",
    "node_modules",
    "bower_components",
    "test",
    "tests"
  ],
  "_release": "4.14.30",
  "_resolution": {
    "type": "version",
    "tag": "v4.14.30",
    "commit": "a549aa8780dbda16f6cff545aeabc3d71073911e"
  },
  "_source": "https://github.com/Eonasdan/bootstrap-datetimepicker.git",
  "_target": "4.14.30",
  "_originalSource": "eonasdan-bootstrap-datetimepicker"
}