{
  "name": "bootstrap-multiselect",
  "version": "0.9.9",
  "main": [
    "./js/bootstrap-multiselect.js",
    "./css/bootstrap-multiselect.css"
  ],
  "dependencies": {
    "jquery": ">= 1.11.0",
    "bootstrap": ">= 2.3.2"
  },
  "homepage": "https://github.com/davidstutz/bootstrap-multiselect",
  "_release": "0.9.9",
  "_resolution": {
    "type": "version",
    "tag": "v0.9.9",
    "commit": "246b2c81f9a2c370ed95eaaefe079e6b11a10c1b"
  },
  "_source": "https://github.com/davidstutz/bootstrap-multiselect.git",
  "_target": "0.9.9",
  "_originalSource": "bootstrap-multiselect"
}