{
  "name": "tinymce",
  "version": "4.1.7",
  "description": "Web based JavaScript HTML WYSIWYG editor control.",
  "license": "http://www.tinymce.com/license",
  "keywords": [
    "editor",
    "wysiwyg",
    "tinymce",
    "richtext",
    "javascript",
    "html"
  ],
  "homepage": "http://www.tinymce.com",
  "main": "tinymce.min.js",
  "ignore": [
    "readme.md",
    "composer.json",
    "package.json"
  ],
  "_release": "4.1.7",
  "_resolution": {
    "type": "version",
    "tag": "4.1.7",
    "commit": "555fcfa1a09e93732a51950ba3d731050f31d39a"
  },
  "_source": "https://github.com/tinymce/tinymce-dist.git",
  "_target": "4.1.7",
  "_originalSource": "tinymce"
}