{
  "name": "mjolnic-bootstrap-colorpicker",
  "version": "2.3.0",
  "main": [
    "dist/css/bootstrap-colorpicker.css",
    "dist/js/bootstrap-colorpicker.js"
  ],
  "dependencies": {
    "jquery": ">=1.10",
    "bootstrap": ">=2"
  },
  "ignore": [
    "\\.*",
    "/src",
    "/index.html",
    "/package.json",
    "/composer.json",
    "/Gruntfile.js"
  ],
  "homepage": "https://github.com/mjolnic/bootstrap-colorpicker",
  "_release": "2.3.0",
  "_resolution": {
    "type": "version",
    "tag": "2.3.0",
    "commit": "a065fe70537dde213a5599aa009d4cbbc661850c"
  },
  "_source": "https://github.com/mjolnic/bootstrap-colorpicker.git",
  "_target": "2.3.0",
  "_originalSource": "mjolnic-bootstrap-colorpicker"
}