{
  "name": "handsontable",
  "version": "0.11.4",
  "main": [
    "./dist/jquery.handsontable.full.js",
    "./dist/jquery.handsontable.full.css"
  ],
  "ignore": [
    "**/.*",
    "components",
    "demo",
    "lib",
    "plugins",
    "node_modules",
    "src",
    "test"
  ],
  "dependencies": {
    "zeroclipboard": ">=2.1.6"
  },
  "devDependencies": {
    "chroma-js": "~0.5.6"
  },
  "homepage": "https://github.com/handsontable/handsontable",
  "_release": "0.11.4",
  "_resolution": {
    "type": "version",
    "tag": "0.11.4",
    "commit": "ec63134112d62512f27a15d63325e21f2d7686c2"
  },
  "_source": "https://github.com/handsontable/handsontable.git",
  "_target": "0.11.4",
  "_originalSource": "handsontable"
}