{
  "name": "typeahead.js",
  "version": "0.10.5",
  "main": "dist/typeahead.bundle.js",
  "dependencies": {
    "jquery": ">=1.7"
  },
  "devDependencies": {
    "jquery": "~1.7",
    "jasmine-ajax": "~1.3.1",
    "jasmine-jquery": "~1.5.2"
  },
  "homepage": "https://github.com/twitter/typeahead.js",
  "_release": "0.10.5",
  "_resolution": {
    "type": "version",
    "tag": "v0.10.5",
    "commit": "35f486cfe2d63c05989ee38a0a10122795661458"
  },
  "_source": "https://github.com/twitter/typeahead.js.git",
  "_target": "0.10.5",
  "_originalSource": "typeahead.js"
}